UF;Código UF;Código Município;Município;População 2010 (Sinopse);População 2010;População 2022
RO;11;00015;Alta Floresta D'Oeste;24392;24392;21494
RO;11;00023;Ariquemes;90353;90353;96833
RO;11;00031;Cabixi;6313;6313;5351
RO;11;00049;Cacoal;78574;78574;86887
RO;11;00056;Cerejeiras;17029;17029;15890
RO;11;00064;Colorado do Oeste;18591;18591;15663
RO;11;00072;Corumbiara;8783;8783;7519
RO;11;00080;Costa Marques;13678;13678;12627
RO;11;00098;Espigão D'Oeste;28729;28729;29414
RO;11;00106;Guajará-Mirim;41656;41656;39387
RO;11;00114;Jaru;52005;52005;50591
RO;11;00122;Ji-Paraná;116610;116610;124333
RO;11;00130;Machadinho D'Oeste;31135;31135;30707
RO;11;00148;Nova Brasilândia D'Oeste;19874;19874;15679
RO;11;00155;Ouro Preto do Oeste;37928;37928;35044
RO;11;00189;Pimenta Bueno;33822;33822;35079
RO;11;00205;Porto Velho;428527;428527;460434
RO;11;00254;Presidente Médici;22319;22319;19327
RO;11;00262;Rio Crespo;3316;3316;3471
RO;11;00288;Rolim de Moura;50648;50648;56406
RO;11;00296;Santa Luzia D'Oeste;8886;8886;7419
RO;11;00304;Vilhena;76202;76202;95832
RO;11;00320;São Miguel do Guaporé;21828;21828;21635
RO;11;00338;Nova Mamoré;22546;22546;25444
RO;11;00346;Alvorada D'Oeste;16853;16853;13117
RO;11;00379;Alto Alegre dos Parecis;12816;12816;11479
RO;11;00403;Alto Paraíso;17135;17135;16320
RO;11;00452;Buritis;32383;32383;27992
RO;11;00502;Novo Horizonte do Oeste;10240;10240;7667
RO;11;00601;Cacaulândia;5736;5736;4150
RO;11;00700;Campo Novo de Rondônia;12665;12665;8844
RO;11;00809;Candeias do Jamari;19779;19779;22310
RO;11;00908;Castanheiras;3575;3575;3233
RO;11;00924;Chupinguaia;8301;8301;9324
RO;11;00940;Cujubim;15854;15854;14863
RO;11;01005;Governador Jorge Teixeira;10512;10512;8001
RO;11;01104;Itapuã do Oeste;8566;8566;8548
RO;11;01203;Ministro Andreazza;10352;10352;6466
RO;11;01302;Mirante da Serra;11878;11878;9235
RO;11;01401;Monte Negro;14091;14091;11548
RO;11;01435;Nova União;7493;7493;6200
RO;11;01450;Parecis;4810;4810;4125
RO;11;01468;Pimenteiras do Oeste;2315;2315;2156
RO;11;01476;Primavera de Rondônia;3524;3524;3076
RO;11;01484;São Felipe D'Oeste;6018;6018;5258
RO;11;01492;São Francisco do Guaporé;16035;16035;16286
RO;11;01500;Seringueiras;11629;11629;11171
RO;11;01559;Teixeirópolis;4888;4888;4256
RO;11;01609;Theobroma;10649;10649;8113
RO;11;01708;Urupá;12974;12974;10725
RO;11;01757;Vale do Anari;9384;9384;7788
RO;11;01807;Vale do Paraíso;8210;8210;6479
AC;12;00013;Acrelândia;12538;12538;14021
AC;12;00054;Assis Brasil;6072;6072;8100
AC;12;00104;Brasiléia;21398;21398;26000
AC;12;00138;Bujari;8471;8471;12917
AC;12;00179;Capixaba;8798;8798;10392
AC;12;00203;Cruzeiro do Sul;78507;78507;91888
AC;12;00252;Epitaciolândia;15100;15100;18757
AC;12;00302;Feijó;32412;32412;35426
AC;12;00328;Jordão;6577;6577;9222
AC;12;00336;Mâncio Lima;15206;15206;19294
AC;12;00344;Manoel Urbano;7981;7981;11996
AC;12;00351;Marechal Thaumaturgo;14227;14227;17093
AC;12;00385;Plácido de Castro;17209;17209;16560
AC;12;00393;Porto Walter;9176;9176;10735
AC;12;00401;Rio Branco;336038;336038;364756
AC;12;00427;Rodrigues Alves;14389;14389;14938
AC;12;00435;Santa Rosa do Purus;4691;4691;6723
AC;12;00450;Senador Guiomard;20179;20179;21454
AC;12;00500;Sena Madureira;38029;38029;41343
AC;12;00609;Tarauacá;35590;35590;43467
AC;12;00708;Xapuri;16091;16091;18243
AC;12;00807;Porto Acre;14880;14880;16693
AM;13;00029;Alvarães;14088;14088;15866
AM;13;00060;Amaturá;9467;9467;10819
AM;13;00086;Anamã;10214;10214;9962
AM;13;00102;Anori;16317;16317;17194
AM;13;00144;Apuí;18007;18007;20647
AM;13;00201;Atalaia do Norte;15153;15153;15314
AM;13;00300;Autazes;32135;32135;41564
AM;13;00409;Barcelos;25718;25718;18834
AM;13;00508;Barreirinha;27355;27355;31051
AM;13;00607;Benjamin Constant;33411;33411;37648
AM;13;00631;Beruri;15486;15486;20718
AM;13;00680;Boa Vista do Ramos;14979;14979;23785
AM;13;00706;Boca do Acre;30632;30632;35447
AM;13;00805;Borba;34961;34961;33080
AM;13;00839;Caapiranga;10975;10975;13469
AM;13;00904;Canutama;12738;13695;16869
AM;13;01001;Carauari;25774;25774;28742
AM;13;01100;Careiro;32734;32734;30792
AM;13;01159;Careiro da Várzea;23930;23930;19637
AM;13;01209;Coari;75965;75965;70616
AM;13;01308;Codajás;23206;23206;23549
AM;13;01407;Eirunepé;30665;30665;33170
AM;13;01506;Envira;16338;16338;17186
AM;13;01605;Fonte Boa;22817;22817;25871
AM;13;01654;Guajará;13974;13974;13815
AM;13;01704;Humaitá;44227;44227;57473
AM;13;01803;Ipixuna;22254;22254;24311
AM;13;01852;Iranduba;40781;40781;61163
AM;13;01902;Itacoatiara;86839;86839;103598
AM;13;01951;Itamarati;8038;8038;10937
AM;13;02009;Itapiranga;8211;8211;10162
AM;13;02108;Japurá;7326;7326;8858
AM;13;02207;Juruá;10802;10802;10742
AM;13;02306;Jutaí;17992;17992;25172
AM;13;02405;Lábrea;37701;37701;45448
AM;13;02504;Manacapuru;85141;85141;101883
AM;13;02553;Manaquiri;22801;22801;17107
AM;13;02603;Manaus;1802014;1802014;2063689
AM;13;02702;Manicoré;47017;47017;53914
AM;13;02801;Maraã;17528;17528;15529
AM;13;02900;Maués;52236;52236;61204
AM;13;03007;Nhamundá;18278;18278;20136
AM;13;03106;Nova Olinda do Norte;30696;30696;27062
AM;13;03205;Novo Airão;14723;14723;15761
AM;13;03304;Novo Aripuanã;21451;21451;23818
AM;13;03403;Parintins;102033;102033;96372
AM;13;03502;Pauini;18166;18166;19373
AM;13;03536;Presidente Figueiredo;27175;27175;30668
AM;13;03569;Rio Preto da Eva;25719;25719;24936
AM;13;03601;Santa Isabel do Rio Negro;18146;18146;14164
AM;13;03700;Santo Antônio do Içá;24481;24481;28211
AM;13;03809;São Gabriel da Cachoeira;37896;37896;51795
AM;13;03908;São Paulo de Olivença;31422;31422;32967
AM;13;03957;São Sebastião do Uatumã;10705;10705;11670
AM;13;04005;Silves;8444;8444;11559
AM;13;04062;Tabatinga;52272;52272;66764
AM;13;04104;Tapauá;19077;18120;19599
AM;13;04203;Tefé;61453;61453;73669
AM;13;04237;Tonantins;17079;17079;19247
AM;13;04260;Uarini;11891;11891;14431
AM;13;04302;Urucará;17094;17094;18631
AM;13;04401;Urucurituba;17837;17837;23945
RR;14;00027;Amajari;9327;9327;13927
RR;14;00050;Alto Alegre;16448;16448;21096
RR;14;00100;Boa Vista;284313;284313;413486
RR;14;00159;Bonfim;10943;10943;13923
RR;14;00175;Cantá;13902;13902;18682
RR;14;00209;Caracaraí;18398;18398;20957
RR;14;00233;Caroebe;8114;8114;10656
RR;14;00282;Iracema;8696;8696;10023
RR;14;00308;Mucajaí;14792;14792;18095
RR;14;00407;Normandia;8940;8940;13986
RR;14;00456;Pacaraima;10433;10433;19305
RR;14;00472;Rorainópolis;24279;24279;32647
RR;14;00506;São João da Baliza;6769;6769;8858
RR;14;00605;São Luiz;6750;6750;7315
RR;14;00704;Uiramutã;8375;8375;13751
PA;15;00107;Abaetetuba;141100;141100;158188
PA;15;00131;Abel Figueiredo;6780;6780;6136
PA;15;00206;Acará;53569;53569;59023
PA;15;00305;Afuá;35042;35042;37765
PA;15;00347;Água Azul do Norte;25057;25057;18080
PA;15;00404;Alenquer;52626;52626;69377
PA;15;00503;Almeirim;33614;33614;34280
PA;15;00602;Altamira;99075;99075;126279
PA;15;00701;Anajás;24759;24759;28011
PA;15;00800;Ananindeua;471980;471980;478778
PA;15;00859;Anapu;20543;20543;31850
PA;15;00909;Augusto Corrêa;40497;40497;44573
PA;15;00958;Aurora do Pará;26546;26546;23774
PA;15;01006;Aveiro;15849;15849;18290
PA;15;01105;Bagre;23864;23864;31892
PA;15;01204;Baião;36882;36882;51641
PA;15;01253;Bannach;3431;3431;4031
PA;15;01303;Barcarena;99859;99859;126650
PA;15;01402;Belém;1393399;1393399;1303403
PA;15;01451;Belterra;16318;16318;18099
PA;15;01501;Benevides;51651;51651;63567
PA;15;01576;Bom Jesus do Tocantins;15298;15298;18005
PA;15;01600;Bonito;13630;13630;12622
PA;15;01709;Bragança;113227;113227;123082
PA;15;01725;Brasil Novo;15690;15690;24718
PA;15;01758;Brejo Grande do Araguaia;7317;7317;6783
PA;15;01782;Breu Branco;52493;52493;45712
PA;15;01808;Breves;92860;92860;106968
PA;15;01907;Bujaru;25695;25695;24383
PA;15;01956;Cachoeira do Piriá;26484;26484;19630
PA;15;02004;Cachoeira do Arari;20443;20443;23981
PA;15;02103;Cametá;120896;120896;134184
PA;15;02152;Canaã dos Carajás;26716;26716;77079
PA;15;02202;Capanema;63639;63639;70394
PA;15;02301;Capitão Poço;51893;51893;56506
PA;15;02400;Castanhal;173149;173149;192256
PA;15;02509;Chaves;21005;21005;20757
PA;15;02608;Colares;11381;11381;12868
PA;15;02707;Conceição do Araguaia;45557;45557;44617
PA;15;02756;Concórdia do Pará;28216;28216;26881
PA;15;02764;Cumaru do Norte;10466;10466;14036
PA;15;02772;Curionópolis;18288;18288;19950
PA;15;02806;Curralinho;28549;28549;33903
PA;15;02855;Curuá;12254;12254;14117
PA;15;02905;Curuçá;34294;34294;41262
PA;15;02939;Dom Eliseu;51319;51319;58484
PA;15;02954;Eldorado do Carajás;31786;31786;28192
PA;15;03002;Faro;8177;8177;8728
PA;15;03044;Floresta do Araguaia;17768;17768;17898
PA;15;03077;Garrafão do Norte;25034;25034;24703
PA;15;03093;Goianésia do Pará;30436;33864;26362
PA;15;03101;Gurupá;29062;29062;31786
PA;15;03200;Igarapé-Açu;35887;35887;35797
PA;15;03309;Igarapé-Miri;58077;58077;64831
PA;15;03408;Inhangapi;10037;10037;10325
PA;15;03457;Ipixuna do Pará;51309;47881;30329
PA;15;03507;Irituia;31364;31364;30955
PA;15;03606;Itaituba;97493;97493;123314
PA;15;03705;Itupiranga;51220;51220;49754
PA;15;03754;Jacareacanga;14103;14103;24042
PA;15;03804;Jacundá;51360;51360;37707
PA;15;03903;Juruti;47086;47086;50881
PA;15;04000;Limoeiro do Ajuru;25021;25021;29569
PA;15;04059;Mãe do Rio;27904;27904;34353
PA;15;04109;Magalhães Barata;8115;8115;8115
PA;15;04208;Marabá;233669;233669;266533
PA;15;04307;Maracanã;28376;28376;25971
PA;15;04406;Marapanim;26605;26605;26573
PA;15;04422;Marituba;108246;108246;111785
PA;15;04455;Medicilândia;27328;27328;27094
PA;15;04505;Melgaço;24808;24808;27881
PA;15;04604;Mocajuba;26731;26731;27198
PA;15;04703;Moju;70018;70018;84094
PA;15;04752;Mojuí dos Campos;0;14775;23501
PA;15;04802;Monte Alegre;55462;55462;60012
PA;15;04901;Muaná;34204;34204;45368
PA;15;04950;Nova Esperança do Piriá;20158;20158;20478
PA;15;04976;Nova Ipixuna;14645;14645;13955
PA;15;05007;Nova Timboteua;13670;13670;12806
PA;15;05031;Novo Progresso;25124;25124;33638
PA;15;05064;Novo Repartimento;62050;62050;60732
PA;15;05106;Óbidos;49333;49333;52229
PA;15;05205;Oeiras do Pará;28595;28595;33844
PA;15;05304;Oriximiná;62794;62794;68294
PA;15;05403;Ourém;16311;16311;17855
PA;15;05437;Ourilândia do Norte;27359;27359;32467
PA;15;05486;Pacajá;39979;39979;41097
PA;15;05494;Palestina do Pará;7475;7475;6885
PA;15;05502;Paragominas;97819;97819;105550
PA;15;05536;Parauapebas;153908;153908;267836
PA;15;05551;Pau D'Arco;6033;6033;6931
PA;15;05601;Peixe-Boi;7854;7854;8285
PA;15;05635;Piçarra;12697;12697;12832
PA;15;05650;Placas;23934;23934;18668
PA;15;05700;Ponta de Pedras;25999;25999;24984
PA;15;05809;Portel;52172;52172;62503
PA;15;05908;Porto de Moz;33956;33956;40597
PA;15;06005;Prainha;29349;29349;35577
PA;15;06104;Primavera;10268;10268;10851
PA;15;06112;Quatipuru;12411;12411;11524
PA;15;06138;Redenção;75556;75556;85597
PA;15;06161;Rio Maria;17697;17697;18384
PA;15;06187;Rondon do Pará;46964;46964;53143
PA;15;06195;Rurópolis;40087;40087;35769
PA;15;06203;Salinópolis;37421;37421;44772
PA;15;06302;Salvaterra;20183;20183;24129
PA;15;06351;Santa Bárbara do Pará;17141;17141;21087
PA;15;06401;Santa Cruz do Arari;8155;8155;7445
PA;15;06500;Santa Izabel do Pará;59466;59466;73019
PA;15;06559;Santa Luzia do Pará;19424;19424;20370
PA;15;06583;Santa Maria das Barreiras;17206;17206;16548
PA;15;06609;Santa Maria do Pará;23026;23026;24624
PA;15;06708;Santana do Araguaia;56153;56153;32413
PA;15;06807;Santarém;294580;279805;331942
PA;15;06906;Santarém Novo;6141;6141;6116
PA;15;07003;Santo Antônio do Tauá;26674;26674;27461
PA;15;07102;São Caetano de Odivelas;16891;16891;16666
PA;15;07151;São Domingos do Araguaia;23130;23130;21092
PA;15;07201;São Domingos do Capim;29846;29846;30599
PA;15;07300;São Félix do Xingu;91340;91340;65418
PA;15;07409;São Francisco do Pará;15060;15060;14894
PA;15;07458;São Geraldo do Araguaia;25587;25587;24255
PA;15;07466;São João da Ponta;5265;5265;4430
PA;15;07474;São João de Pirabas;20647;20647;20689
PA;15;07508;São João do Araguaia;13155;13155;13664
PA;15;07607;São Miguel do Guamá;51567;51567;52894
PA;15;07706;São Sebastião da Boa Vista;22904;22904;25643
PA;15;07755;Sapucaia;5047;5047;5847
PA;15;07805;Senador José Porfírio;13045;13045;22576
PA;15;07904;Soure;23001;23001;24204
PA;15;07953;Tailândia;79297;79297;72493
PA;15;07961;Terra Alta;10262;10262;10400
PA;15;07979;Terra Santa;16949;16949;18782
PA;15;08001;Tomé-Açu;56518;56518;67585
PA;15;08035;Tracuateua;27455;27455;28595
PA;15;08050;Trairão;16875;16875;15242
PA;15;08084;Tucumã;33690;33690;39550
PA;15;08100;Tucuruí;97128;97128;91306
PA;15;08126;Ulianópolis;43341;43341;37972
PA;15;08159;Uruará;44789;44789;43558
PA;15;08209;Vigia;47889;47889;50832
PA;15;08308;Viseu;56716;56716;58692
PA;15;08357;Vitória do Xingu;13431;13431;15607
PA;15;08407;Xinguara;40573;40573;52893
AP;16;00055;Serra do Navio;4380;4380;4673
AP;16;00105;Amapá;8069;8069;7943
AP;16;00154;Pedra Branca do Amapari;10772;10772;12847
AP;16;00204;Calçoene;9000;9000;10612
AP;16;00212;Cutias;4696;4696;4461
AP;16;00238;Ferreira Gomes;5802;5802;6666
AP;16;00253;Itaubal;4265;4265;5599
AP;16;00279;Laranjal do Jari;39942;39942;35114
AP;16;00303;Macapá;398204;398204;442933
AP;16;00402;Mazagão;17032;17032;21924
AP;16;00501;Oiapoque;20509;20509;27482
AP;16;00535;Porto Grande;16809;16809;17848
AP;16;00550;Pracuúba;3793;3793;3803
AP;16;00600;Santana;101262;101262;107618
AP;16;00709;Tartarugalzinho;12563;12563;12945
AP;16;00808;Vitória do Jari;12428;12428;11291
TO;17;00251;Abreulândia;2391;2391;2576
TO;17;00301;Aguiarnópolis;5162;5162;4497
TO;17;00350;Aliança do Tocantins;5671;5671;5147
TO;17;00400;Almas;7586;7586;6499
TO;17;00707;Alvorada;8374;8374;8802
TO;17;01002;Ananás;9865;9865;10325
TO;17;01051;Angico;3175;3170;2876
TO;17;01101;Aparecida do Rio Negro;4213;4213;4856
TO;17;01309;Aragominas;5882;5882;5290
TO;17;01903;Araguacema;6317;6317;5927
TO;17;02000;Araguaçu;8786;8786;8133
TO;17;02109;Araguaína;150484;150484;171301
TO;17;02158;Araguanã;5030;5030;4310
TO;17;02208;Araguatins;31329;31329;31918
TO;17;02307;Arapoema;6742;6742;5550
TO;17;02406;Arraias;10645;10645;10287
TO;17;02554;Augustinópolis;15950;15950;17484
TO;17;02703;Aurora do Tocantins;3446;3446;3342
TO;17;02901;Axixá do Tocantins;9275;9275;10262
TO;17;03008;Babaçulândia;10424;10424;7880
TO;17;03057;Bandeirantes do Tocantins;3122;3122;3407
TO;17;03073;Barra do Ouro;4123;4123;4476
TO;17;03107;Barrolândia;5349;5349;4846
TO;17;03206;Bernardo Sayão;4456;4456;4229
TO;17;03305;Bom Jesus do Tocantins;3768;3768;4038
TO;17;03602;Brasilândia do Tocantins;2064;2064;1974
TO;17;03701;Brejinho de Nazaré;5185;5185;4725
TO;17;03800;Buriti do Tocantins;9768;9768;10307
TO;17;03826;Cachoeirinha;2148;2148;1961
TO;17;03842;Campos Lindos;8139;8139;8653
TO;17;03867;Cariri do Tocantins;3756;3756;4007
TO;17;03883;Carmolândia;2316;2316;2201
TO;17;03891;Carrasco Bonito;3688;3688;3318
TO;17;03909;Caseara;4601;4601;4847
TO;17;04105;Centenário;2566;2566;2131
TO;17;04600;Chapada de Areia;1335;1335;1501
TO;17;05102;Chapada da Natividade;3277;3277;3117
TO;17;05508;Colinas do Tocantins;30838;30838;34233
TO;17;05557;Combinado;4669;4669;4756
TO;17;05607;Conceição do Tocantins;4182;4182;3887
TO;17;06001;Couto Magalhães;5009;5009;5331
TO;17;06100;Cristalândia;7234;7234;6371
TO;17;06258;Crixás do Tocantins;1564;1564;1470
TO;17;06506;Darcinópolis;5273;5273;5827
TO;17;07009;Dianópolis;19112;19112;17739
TO;17;07108;Divinópolis do Tocantins;6363;6363;7024
TO;17;07207;Dois Irmãos do Tocantins;7161;7161;6327
TO;17;07306;Dueré;4592;4592;4248
TO;17;07405;Esperantina;9476;9476;7530
TO;17;07553;Fátima;3805;3805;3467
TO;17;07652;Figueirópolis;5340;5340;5211
TO;17;07702;Filadélfia;8505;8505;7712
TO;17;08205;Formoso do Araguaia;18427;18427;18881
TO;17;08254;Tabocão;2419;2419;3455
TO;17;08304;Goianorte;4956;4956;4738
TO;17;09005;Goiatins;12064;12064;12433
TO;17;09302;Guaraí;23200;22661;24775
TO;17;09500;Gurupi;76755;76755;85125
TO;17;09807;Ipueiras;1639;1639;1590
TO;17;10508;Itacajá;7104;7104;6819
TO;17;10706;Itaguatins;6029;6029;5172
TO;17;10904;Itapiratins;3532;3532;3577
TO;17;11100;Itaporã do Tocantins;2445;2445;2404
TO;17;11506;Jaú do Tocantins;3507;3507;3334
TO;17;11803;Juarina;2231;2231;2243
TO;17;11902;Lagoa da Confusão;10210;10210;15288
TO;17;11951;Lagoa do Tocantins;3525;3525;3516
TO;17;12009;Lajeado;2773;2773;3357
TO;17;12157;Lavandeira;1605;1605;1626
TO;17;12405;Lizarda;3725;3725;2999
TO;17;12454;Luzinópolis;2622;2622;2717
TO;17;12504;Marianópolis do Tocantins;4352;4352;4615
TO;17;12702;Mateiros;2223;2223;2748
TO;17;12801;Maurilândia do Tocantins;3154;3154;3095
TO;17;13205;Miracema do Tocantins;20684;20684;18566
TO;17;13304;Miranorte;12623;12623;12701
TO;17;13601;Monte do Carmo;6716;6716;5694
TO;17;13700;Monte Santo do Tocantins;2085;2085;2396
TO;17;13809;Palmeiras do Tocantins;5740;5740;4872
TO;17;13957;Muricilândia;3152;3152;3367
TO;17;14203;Natividade;9000;9000;8754
TO;17;14302;Nazaré;4386;4390;4521
TO;17;14880;Nova Olinda;10686;10686;10367
TO;17;15002;Nova Rosalândia;3770;3770;3362
TO;17;15101;Novo Acordo;3762;3762;3969
TO;17;15150;Novo Alegre;2286;2286;1846
TO;17;15259;Novo Jardim;2457;2457;2230
TO;17;15507;Oliveira de Fátima;1037;1037;1164
TO;17;15705;Palmeirante;4954;4954;4798
TO;17;15754;Palmeirópolis;7339;7339;6975
TO;17;16109;Paraíso do Tocantins;44417;44417;52360
TO;17;16208;Paranã;10338;10338;10542
TO;17;16307;Pau D'Arco;4588;4588;4043
TO;17;16505;Pedro Afonso;11539;11539;14055
TO;17;16604;Peixe;10384;10384;9317
TO;17;16653;Pequizeiro;5054;5054;4921
TO;17;16703;Colméia;8611;9150;8941
TO;17;17008;Pindorama do Tocantins;4506;4506;4478
TO;17;17206;Piraquê;2920;2920;2282
TO;17;17503;Pium;6694;6694;7128
TO;17;17800;Ponte Alta do Bom Jesus;4544;4544;4220
TO;17;17909;Ponte Alta do Tocantins;7180;7180;7586
TO;17;18006;Porto Alegre do Tocantins;2796;2796;2866
TO;17;18204;Porto Nacional;49146;49146;64418
TO;17;18303;Praia Norte;7659;7659;9044
TO;17;18402;Presidente Kennedy;3681;3681;3047
TO;17;18451;Pugmil;2369;2369;2193
TO;17;18501;Recursolândia;3768;3768;3421
TO;17;18550;Riachinho;4191;4191;3960
TO;17;18659;Rio da Conceição;1714;1714;1768
TO;17;18709;Rio dos Bois;2570;2570;2738
TO;17;18758;Rio Sono;6254;6254;4841
TO;17;18808;Sampaio;3864;3864;4215
TO;17;18840;Sandolândia;3326;3326;3723
TO;17;18865;Santa Fé do Araguaia;6599;6599;7216
TO;17;18881;Santa Maria do Tocantins;2894;2894;2680
TO;17;18899;Santa Rita do Tocantins;2128;2128;2219
TO;17;18907;Santa Rosa do Tocantins;4568;4568;4653
TO;17;19004;Santa Tereza do Tocantins;2523;2523;2781
TO;17;20002;Santa Terezinha do Tocantins;2474;2475;2406
TO;17;20101;São Bento do Tocantins;4608;4608;5654
TO;17;20150;São Félix do Tocantins;1437;1437;1783
TO;17;20200;São Miguel do Tocantins;10481;10497;13241
TO;17;20259;São Salvador do Tocantins;2910;2910;2385
TO;17;20309;São Sebastião do Tocantins;4283;4283;4100
TO;17;20499;São Valério;4383;4383;4422
TO;17;20655;Silvanópolis;5068;5068;5108
TO;17;20804;Sítio Novo do Tocantins;9148;9132;10830
TO;17;20853;Sucupira;1742;1742;1577
TO;17;20903;Taguatinga;15051;15051;14011
TO;17;20937;Taipas do Tocantins;1945;1945;2021
TO;17;20978;Talismã;2562;2562;2456
TO;17;21000;Palmas;228332;228332;302692
TO;17;21109;Tocantínia;6736;6736;7459
TO;17;21208;Tocantinópolis;22619;22619;22615
TO;17;21257;Tupirama;1574;1574;1909
TO;17;21307;Tupiratins;2097;2097;1874
TO;17;22081;Wanderlândia;10981;10981;10522
TO;17;22107;Xambioá;11484;11484;10517
MA;21;00055;Açailândia;104047;104047;106550
MA;21;00105;Afonso Cunha;5905;5905;6144
MA;21;00154;Água Doce do Maranhão;11581;11581;12142
MA;21;00204;Alcântara;21851;21521;18467
MA;21;00303;Aldeias Altas;23952;23952;23286
MA;21;00402;Altamira do Maranhão;11063;7407;6447
MA;21;00436;Alto Alegre do Maranhão;24599;25164;24048
MA;21;00477;Alto Alegre do Pindaré;31057;31052;25710
MA;21;00501;Alto Parnaíba;10766;10766;11109
MA;21;00550;Amapá do Maranhão;6431;6431;7170
MA;21;00600;Amarante do Maranhão;37932;37932;37085
MA;21;00709;Anajatuba;25291;24579;25322
MA;21;00808;Anapurus;13939;13939;13793
MA;21;00832;Apicum-Açu;14959;15323;17519
MA;21;00873;Araguanã;13973;13973;11181
MA;21;00907;Araioses;42505;42505;39052
MA;21;00956;Arame;31702;31471;25517
MA;21;01004;Arari;28488;28488;29472
MA;21;01103;Axixá;11407;11407;11790
MA;21;01202;Bacabal;100014;99557;103711
MA;21;01251;Bacabeira;14925;14925;16966
MA;21;01301;Bacuri;17258;17548;16290
MA;21;01350;Bacurituba;5293;5293;5252
MA;21;01400;Balsas;83528;83528;101767
MA;21;01509;Barão de Grajaú;17841;17493;18984
MA;21;01608;Barra do Corda;82830;82580;84532
MA;21;01707;Barreirinhas;54930;55029;65589
MA;21;01731;Belágua;6524;6782;8460
MA;21;01772;Bela Vista do Maranhão;12049;10349;11750
MA;21;01806;Benedito Leite;5469;5469;5469
MA;21;01905;Bequimão;20344;20674;19584
MA;21;01939;Bernardo do Mearim;5996;5647;5840
MA;21;01970;Boa Vista do Gurupi;7949;7078;7574
MA;21;02002;Bom Jardim;39049;39049;33100
MA;21;02036;Bom Jesus das Selvas;28459;28459;28599
MA;21;02077;Bom Lugar;14818;14666;12212
MA;21;02101;Brejo;33359;33359;34120
MA;21;02150;Brejo de Areia;5577;10590;9218
MA;21;02200;Buriti;27013;27013;29685
MA;21;02309;Buriti Bravo;22899;22899;22455
MA;21;02325;Buriticupu;65237;65237;55499
MA;21;02358;Buritirana;14784;14784;12918
MA;21;02374;Cachoeira Grande;8446;8446;9732
MA;21;02408;Cajapió;10593;10593;10121
MA;21;02507;Cajari;18338;18338;16412
MA;21;02556;Campestre do Maranhão;13369;13369;12301
MA;21;02606;Cândido Mendes;18505;18864;19932
MA;21;02705;Cantanhede;20448;20448;24303
MA;21;02754;Capinzal do Norte;10698;10698;11374
MA;21;02804;Carolina;23959;23818;24062
MA;21;02903;Carutapera;22006;22006;24238
MA;21;03000;Caxias;155129;155692;156973
MA;21;03109;Cedral;10297;10297;10208
MA;21;03125;Central do Maranhão;7887;7887;7094
MA;21;03158;Centro do Guilherme;12565;11273;12342
MA;21;03174;Centro Novo do Maranhão;17622;19203;16267
MA;21;03208;Chapadinha;73350;73350;81386
MA;21;03257;Cidelândia;13681;13681;12878
MA;21;03307;Codó;118038;118038;114275
MA;21;03406;Coelho Neto;46750;46750;41658
MA;21;03505;Colinas;39132;39132;40316
MA;21;03554;Conceição do Lago-Açu;14436;14436;14915
MA;21;03604;Coroatá;61725;61725;59566
MA;21;03703;Cururupu;32652;32652;31558
MA;21;03752;Davinópolis;12579;12579;14404
MA;21;03802;Dom Pedro;22681;22681;23053
MA;21;03901;Duque Bacelar;10649;10649;10223
MA;21;04008;Esperantinópolis;18452;18126;18311
MA;21;04057;Estreito;35835;35835;33294
MA;21;04073;Feira Nova do Maranhão;8126;8089;8048
MA;21;04081;Fernando Falcão;9241;9241;10873
MA;21;04099;Formosa da Serra Negra;17757;17169;17719
MA;21;04107;Fortaleza dos Nogueiras;11646;12234;12640
MA;21;04206;Fortuna;15098;17203;16976
MA;21;04305;Godofredo Viana;10635;10276;10186
MA;21;04404;Gonçalves Dias;17482;17482;17206
MA;21;04503;Governador Archer;10205;10205;10231
MA;21;04552;Governador Edison Lobão;15895;15895;18411
MA;21;04602;Governador Eugênio Barros;15991;13883;13930
MA;21;04628;Governador Luiz Rocha;7337;7340;7063
MA;21;04651;Governador Newton Bello;11921;10245;10713
MA;21;04677;Governador Nunes Freire;25401;25401;23128
MA;21;04701;Graça Aranha;6140;6140;6023
MA;21;04800;Grajaú;62093;62234;73872
MA;21;04909;Guimarães;12081;12081;10290
MA;21;05005;Humberto de Campos;26189;26189;25680
MA;21;05104;Icatu;25145;25145;24794
MA;21;05153;Igarapé do Meio;12550;12550;13974
MA;21;05203;Igarapé Grande;11041;10485;10231
MA;21;05302;Imperatriz;247505;247505;273110
MA;21;05351;Itaipava do Grajaú;14297;14110;13828
MA;21;05401;Itapecuru Mirim;62110;62110;60440
MA;21;05427;Itinga do Maranhão;24863;24863;22513
MA;21;05450;Jatobá;8526;8526;7471
MA;21;05476;Jenipapo dos Vieiras;15440;15839;17076
MA;21;05500;João Lisboa;20381;23900;24709
MA;21;05609;Joselândia;15433;15561;14924
MA;21;05658;Junco do Maranhão;4020;4891;5146
MA;21;05708;Lago da Pedra;46083;46083;44403
MA;21;05807;Lago do Junco;10729;10343;9506
MA;21;05906;Lago Verde;15412;15412;14769
MA;21;05922;Lagoa do Mato;10934;10887;10572
MA;21;05948;Lago dos Rodrigues;7794;8840;8758
MA;21;05963;Lagoa Grande do Maranhão;10517;10517;11411
MA;21;05989;Lajeado Novo;6923;6923;7057
MA;21;06003;Lima Campos;11423;11423;11297
MA;21;06102;Loreto;11390;11390;11597
MA;21;06201;Luís Domingues;6510;6510;7161
MA;21;06300;Magalhães de Almeida;17587;17587;13807
MA;21;06326;Maracaçumé;19155;19234;21149
MA;21;06359;Marajá do Sena;8051;7794;7027
MA;21;06375;Maranhãozinho;14065;13697;13761
MA;21;06409;Mata Roma;15150;15150;17090
MA;21;06508;Matinha;21885;21885;22034
MA;21;06607;Matões;31015;31638;32174
MA;21;06631;Matões do Norte;13794;13794;17432
MA;21;06672;Milagres do Maranhão;8118;8118;8818
MA;21;06706;Mirador;20452;20452;21030
MA;21;06755;Miranda do Norte;24427;24427;23864
MA;21;06805;Mirinzal;14218;14218;13978
MA;21;06904;Monção;31738;30685;27751
MA;21;07001;Montes Altos;9413;9413;9106
MA;21;07100;Morros;17783;17783;18554
MA;21;07209;Nina Rodrigues;12464;12464;14176
MA;21;07258;Nova Colinas;4885;4885;5021
MA;21;07308;Nova Iorque;4590;4590;4320
MA;21;07357;Nova Olinda do Maranhão;19134;19134;14314
MA;21;07407;Olho d'Água das Cunhãs;18601;18601;17919
MA;21;07456;Olinda Nova do Maranhão;13181;13181;13577
MA;21;07506;Paço do Lumiar;105121;105695;145643
MA;21;07605;Palmeirândia;18764;18780;21059
MA;21;07704;Paraibano;20103;20103;18274
MA;21;07803;Parnarama;34586;33281;31250
MA;21;07902;Passagem Franca;17562;17562;17220
MA;21;08009;Pastos Bons;18067;18067;18802
MA;21;08058;Paulino Neves;14519;14519;17056
MA;21;08108;Paulo Ramos;20079;20383;20341
MA;21;08207;Pedreiras;39448;38777;37050
MA;21;08256;Pedro do Rosário;22732;22732;24320
MA;21;08306;Penalva;34267;35320;32511
MA;21;08405;Peri Mirim;13803;13787;11108
MA;21;08454;Peritoró;21201;21201;20479
MA;21;08504;Pindaré-Mirim;31152;31152;31429
MA;21;08603;Pinheiro;78162;78162;84621
MA;21;08702;Pio XII;22016;22016;21886
MA;21;08801;Pirapemas;17381;17381;17714
MA;21;08900;Poção de Pedras;19708;20034;17161
MA;21;09007;Porto Franco;21530;21530;23903
MA;21;09056;Porto Rico do Maranhão;6030;6030;5954
MA;21;09106;Presidente Dutra;44731;44731;45155
MA;21;09205;Presidente Juscelino;11541;11541;11356
MA;21;09239;Presidente Médici;6374;6374;4696
MA;21;09270;Presidente Sarney;17165;17165;17511
MA;21;09304;Presidente Vargas;10717;10717;10549
MA;21;09403;Primeira Cruz;13954;13954;13614
MA;21;09452;Raposa;26327;26369;30839
MA;21;09502;Riachão;20209;20387;22145
MA;21;09551;Ribamar Fiquene;7318;7318;7420
MA;21;09601;Rosário;39576;39576;38475
MA;21;09700;Sambaíba;5487;5487;5568
MA;21;09759;Santa Filomena do Maranhão;7061;7133;6697
MA;21;09809;Santa Helena;39110;38078;41561
MA;21;09908;Santa Inês;77282;83203;85014
MA;21;10005;Santa Luzia;74043;69184;57635
MA;21;10039;Santa Luzia do Paruá;22644;23676;24307
MA;21;10104;Santa Quitéria do Maranhão;29191;24021;23957
MA;21;10203;Santa Rita;32366;33078;37035
MA;21;10237;Santana do Maranhão;11661;11661;10567
MA;21;10278;Santo Amaro do Maranhão;13820;13820;13949
MA;21;10302;Santo Antônio dos Lopes;14288;14288;14304
MA;21;10401;São Benedito do Rio Preto;17799;17799;18364
MA;21;10500;São Bento;40736;40736;46395
MA;21;10609;São Bernardo;26476;26476;26943
MA;21;10658;São Domingos do Azeitão;6983;6983;7992
MA;21;10708;São Domingos do Maranhão;33607;33607;34034
MA;21;10807;São Félix de Balsas;4702;4702;4402
MA;21;10856;São Francisco do Brejão;10261;10261;9051
MA;21;10906;São Francisco do Maranhão;12146;11883;12064
MA;21;11003;São João Batista;19920;19920;18544
MA;21;11029;São João do Carú;12309;15668;12251
MA;21;11052;São João do Paraíso;10814;10814;9904
MA;21;11078;São João do Soter;17238;17238;16889
MA;21;11102;São João dos Patos;24928;24793;25020
MA;21;11201;São José de Ribamar;163045;161937;244579
MA;21;11250;São José dos Basílios;7496;7496;6957
MA;21;11300;São Luís;1014837;1015329;1037775
MA;21;11409;São Luís Gonzaga do Maranhão;20153;19645;17818
MA;21;11508;São Mateus do Maranhão;39093;38985;38829
MA;21;11532;São Pedro da Água Branca;12028;12028;14338
MA;21;11573;São Pedro dos Crentes;4425;4425;5783
MA;21;11607;São Raimundo das Mangabeiras;17474;17474;18672
MA;21;11631;São Raimundo do Doca Bezerra;6090;6090;5650
MA;21;11672;São Roberto;5957;5957;4544
MA;21;11706;São Vicente Ferrer;20863;20863;19498
MA;21;11722;Satubinha;11990;11990;8784
MA;21;11748;Senador Alexandre Costa;10256;10256;10207
MA;21;11763;Senador La Rocque;17998;14479;14700
MA;21;11789;Serrano do Maranhão;10286;9632;10202
MA;21;11805;Sítio Novo;17002;17002;17074
MA;21;11904;Sucupira do Norte;10444;10444;10238
MA;21;11953;Sucupira do Riachão;4613;5406;4985
MA;21;12001;Tasso Fragoso;7796;7796;8862
MA;21;12100;Timbiras;27997;27997;26484
MA;21;12209;Timon;155460;155579;174465
MA;21;12233;Trizidela do Vale;18953;20529;22484
MA;21;12274;Tufilândia;5596;5596;5507
MA;21;12308;Tuntum;39183;39111;36251
MA;21;12407;Turiaçu;33933;33933;37491
MA;21;12456;Turilândia;22846;22846;31638
MA;21;12506;Tutóia;52788;52788;53356
MA;21;12605;Urbano Santos;24573;29386;32812
MA;21;12704;Vargem Grande;49412;49412;43261
MA;21;12803;Viana;49496;49496;51442
MA;21;12852;Vila Nova dos Martírios;11258;11258;10362
MA;21;12902;Vitória do Mearim;31217;31217;30805
MA;21;13009;Vitorino Freire;31658;30897;30845
MA;21;14007;Zé Doca;50173;48490;40801
PI;22;00053;Acauã;6749;6749;6420
PI;22;00103;Agricolândia;5098;5098;4940
PI;22;00202;Água Branca;16451;16451;17573
PI;22;00251;Alagoinha do Piauí;7341;7341;6819
PI;22;00277;Alegrete do Piauí;5153;4771;4634
PI;22;00301;Alto Longá;13646;13646;13479
PI;22;00400;Altos;38822;38822;47453
PI;22;00459;Alvorada do Gurguéia;5050;5050;5322
PI;22;00509;Amarante;17135;17135;17234
PI;22;00608;Angical do Piauí;6672;6672;6827
PI;22;00707;Anísio de Abreu;9098;9098;9407
PI;22;00806;Antônio Almeida;3039;3039;3152
PI;22;00905;Aroazes;5779;5779;5369
PI;22;00954;Aroeiras do Itaim;2440;2490;2690
PI;22;01002;Arraial;4688;4688;4520
PI;22;01051;Assunção do Piauí;7503;7503;7452
PI;22;01101;Avelino Lopes;11067;10681;10866
PI;22;01150;Baixa Grande do Ribeiro;10516;10516;13272
PI;22;01176;Barra D'Alcântara;3852;3852;3995
PI;22;01200;Barras;44850;44850;47938
PI;22;01309;Barreiras do Piauí;3234;3234;3264
PI;22;01408;Barro Duro;6607;6919;6640
PI;22;01507;Batalha;25774;25774;26300
PI;22;01556;Bela Vista do Piauí;3778;3778;4091
PI;22;01572;Belém do Piauí;3284;3284;3423
PI;22;01606;Beneditinos;9911;10170;9929
PI;22;01705;Bertolínia;5319;5319;5562
PI;22;01739;Betânia do Piauí;6015;6015;6220
PI;22;01770;Boa Hora;6296;6296;6902
PI;22;01804;Bocaina;4369;4353;4078
PI;22;01903;Bom Jesus;22629;22629;28796
PI;22;01919;Bom Princípio do Piauí;5304;5304;5636
PI;22;01929;Bonfim do Piauí;5393;5393;5913
PI;22;01945;Boqueirão do Piauí;6193;6083;6545
PI;22;01960;Brasileira;7966;7966;8436
PI;22;01988;Brejo do Piauí;3850;4030;3904
PI;22;02000;Buriti dos Lopes;19074;19074;19654
PI;22;02026;Buriti dos Montes;7974;7866;7434
PI;22;02059;Cabeceiras do Piauí;9928;9928;10212
PI;22;02075;Cajazeiras do Piauí;3343;3343;3108
PI;22;02083;Cajueiro da Praia;7163;7163;7957
PI;22;02091;Caldeirão Grande do Piauí;5671;5592;5503
PI;22;02109;Campinas do Piauí;5408;5408;4938
PI;22;02117;Campo Alegre do Fidalgo;4693;4693;4616
PI;22;02133;Campo Grande do Piauí;5592;5592;6020
PI;22;02174;Campo Largo do Piauí;6803;6803;7419
PI;22;02208;Campo Maior;45177;45177;45793
PI;22;02251;Canavieira;3921;3921;3414
PI;22;02307;Canto do Buriti;20020;20020;19365
PI;22;02406;Capitão de Campos;10953;10894;11100
PI;22;02455;Capitão Gervásio Oliveira;3878;3878;3974
PI;22;02505;Caracol;10212;10212;10318
PI;22;02539;Caraúbas do Piauí;5525;5525;5630
PI;22;02554;Caridade do Piauí;4826;4783;5033
PI;22;02604;Castelo do Piauí;18336;19262;19288
PI;22;02653;Caxingó;5039;5039;5496
PI;22;02703;Cocal;26036;26591;28212
PI;22;02711;Cocal de Telha;4525;4694;4911
PI;22;02729;Cocal dos Alves;5572;5885;6386
PI;22;02737;Coivaras;3811;3811;4117
PI;22;02752;Colônia do Gurguéia;6036;6036;6150
PI;22;02778;Colônia do Piauí;7433;7433;6994
PI;22;02802;Conceição do Canindé;4475;4650;4932
PI;22;02851;Coronel José Dias;4541;4541;4250
PI;22;02901;Corrente;25407;25407;27278
PI;22;03008;Cristalândia do Piauí;7831;7831;7356
PI;22;03107;Cristino Castro;9981;9981;10503
PI;22;03206;Curimatá;10761;10768;11270
PI;22;03230;Currais;4704;4704;4854
PI;22;03255;Curralinhos;4183;4183;4413
PI;22;03271;Curral Novo do Piauí;4869;4984;5073
PI;22;03305;Demerval Lobão;13278;13278;16352
PI;22;03354;Dirceu Arcoverde;6675;6675;7054
PI;22;03404;Dom Expedito Lopes;6569;6569;6320
PI;22;03420;Domingos Mourão;4264;4264;4075
PI;22;03453;Dom Inocêncio;9245;9245;9159
PI;22;03503;Elesbão Veloso;14512;14512;13607
PI;22;03602;Eliseu Martins;4665;4665;4377
PI;22;03701;Esperantina;37767;37767;40970
PI;22;03750;Fartura do Piauí;5074;5074;5284
PI;22;03800;Flores do Piauí;4366;4366;4414
PI;22;03859;Floresta do Piauí;2482;2482;2333
PI;22;03909;Floriano;57690;57690;62036
PI;22;04006;Francinópolis;5235;5235;4505
PI;22;04105;Francisco Ayres;4477;4477;4412
PI;22;04154;Francisco Macedo;2879;2951;2929
PI;22;04204;Francisco Santos;8592;8592;8237
PI;22;04303;Fronteiras;11117;11042;10259
PI;22;04352;Geminiano;5475;5148;5445
PI;22;04402;Gilbués;10402;10402;10892
PI;22;04501;Guadalupe;10268;10268;10270
PI;22;04550;Guaribas;4401;4401;4276
PI;22;04600;Hugo Napoleão;3771;3771;3518
PI;22;04659;Ilha Grande;8914;8914;9274
PI;22;04709;Inhuma;14845;14845;14958
PI;22;04808;Ipiranga do Piauí;9327;9327;9420
PI;22;04907;Isaías Coelho;8221;8193;7774
PI;22;05003;Itainópolis;11109;11059;10790
PI;22;05102;Itaueira;10678;10678;10323
PI;22;05151;Jacobina do Piauí;5722;5717;5613
PI;22;05201;Jaicós;18035;18035;17527
PI;22;05250;Jardim do Mulato;4309;4309;4180
PI;22;05276;Jatobá do Piauí;4656;4656;4494
PI;22;05300;Jerumenha;4390;4390;4497
PI;22;05359;João Costa;2960;2960;2970
PI;22;05409;Joaquim Pires;13817;13817;13886
PI;22;05458;Joca Marques;5100;5100;5394
PI;22;05508;José de Freitas;37085;37085;42559
PI;22;05516;Juazeiro do Piauí;4757;5290;5214
PI;22;05524;Júlio Borges;5373;5373;5388
PI;22;05532;Jurema;4517;4517;4425
PI;22;05540;Lagoinha do Piauí;2656;2656;2939
PI;22;05557;Lagoa Alegre;8008;8008;8256
PI;22;05565;Lagoa do Barro do Piauí;4523;4530;4995
PI;22;05573;Lagoa de São Francisco;6422;6422;6331
PI;22;05581;Lagoa do Piauí;3863;3863;4810
PI;22;05599;Lagoa do Sítio;4850;4850;4520
PI;22;05607;Landri Sales;5281;5281;5213
PI;22;05706;Luís Correia;28406;28406;30641
PI;22;05805;Luzilândia;24721;24721;25375
PI;22;05854;Madeiro;7816;7816;8032
PI;22;05904;Manoel Emídio;5213;5213;5209
PI;22;05953;Marcolândia;7812;7819;8533
PI;22;06001;Marcos Parente;4456;4456;4724
PI;22;06050;Massapê do Piauí;6220;6222;5218
PI;22;06100;Matias Olímpio;10473;10473;10641
PI;22;06209;Miguel Alves;32289;32289;32150
PI;22;06308;Miguel Leão;1253;1253;1318
PI;22;06357;Milton Brandão;6769;6504;6542
PI;22;06407;Monsenhor Gil;10333;10324;10255
PI;22;06506;Monsenhor Hipólito;7391;7391;7577
PI;22;06605;Monte Alegre do Piauí;10345;10345;10660
PI;22;06654;Morro Cabeça no Tempo;4068;4447;4377
PI;22;06670;Morro do Chapéu do Piauí;6499;6499;6425
PI;22;06696;Murici dos Portelas;8464;8464;9797
PI;22;06704;Nazaré do Piauí;7321;7321;6665
PI;22;06720;Nazária;8068;8068;10262
PI;22;06753;Nossa Senhora de Nazaré;4556;4556;5228
PI;22;06803;Nossa Senhora dos Remédios;8206;8206;8525
PI;22;06902;Novo Oriente do Piauí;6498;6498;6097
PI;22;06951;Novo Santo Antônio;3260;2809;2827
PI;22;07009;Oeiras;35640;35640;38161
PI;22;07108;Olho D'Água do Piauí;2626;2314;2637
PI;22;07207;Padre Marcos;6657;6657;6382
PI;22;07306;Paes Landim;4059;4059;4088
PI;22;07355;Pajeú do Piauí;3363;3183;3000
PI;22;07405;Palmeira do Piauí;4993;4993;4952
PI;22;07504;Palmeirais;13745;13745;13264
PI;22;07553;Paquetá;4147;3925;3813
PI;22;07603;Parnaguá;10276;10276;10103
PI;22;07702;Parnaíba;145705;145705;162159
PI;22;07751;Passagem Franca do Piauí;4546;4123;4135
PI;22;07777;Patos do Piauí;6105;6110;5425
PI;22;07793;Pau D'Arco do Piauí;3757;3757;3880
PI;22;07801;Paulistana;19785;19753;21055
PI;22;07850;Pavussu;3663;3663;3628
PI;22;07900;Pedro II;37496;37502;37894
PI;22;07934;Pedro Laurentino;2407;2407;2458
PI;22;07959;Nova Santa Rita;4187;4187;4076
PI;22;08007;Picos;73414;74435;83090
PI;22;08106;Pimenteiras;11733;11733;11341
PI;22;08205;Pio IX;17671;17671;17613
PI;22;08304;Piracuruca;27553;27339;28846
PI;22;08403;Piripiri;61834;61834;65538
PI;22;08502;Porto;11897;11897;12052
PI;22;08551;Porto Alegre do Piauí;2559;2559;2364
PI;22;08601;Prata do Piauí;3085;3092;3042
PI;22;08650;Queimada Nova;8553;8546;8738
PI;22;08700;Redenção do Gurguéia;8400;8400;8394
PI;22;08809;Regeneração;17556;17556;17133
PI;22;08858;Riacho Frio;4241;4241;4165
PI;22;08874;Ribeira do Piauí;4263;4263;4055
PI;22;08908;Ribeiro Gonçalves;6845;6845;6164
PI;22;09005;Rio Grande do Piauí;6273;6273;5801
PI;22;09104;Santa Cruz do Piauí;6027;6027;5831
PI;22;09153;Santa Cruz dos Milagres;3794;3794;3435
PI;22;09203;Santa Filomena;6096;6096;6087
PI;22;09302;Santa Luz;5513;5513;5336
PI;22;09351;Santana do Piauí;4917;4445;4125
PI;22;09377;Santa Rosa do Piauí;5149;5149;4650
PI;22;09401;Santo Antônio de Lisboa;6007;6020;5839
PI;22;09450;Santo Antônio dos Milagres;2059;2059;2138
PI;22;09500;Santo Inácio do Piauí;3648;3654;3646
PI;22;09559;São Braz do Piauí;4313;4313;4358
PI;22;09609;São Félix do Piauí;3069;2972;2842
PI;22;09658;São Francisco de Assis do Piauí;5567;5402;5572
PI;22;09708;São Francisco do Piauí;6298;6298;5392
PI;22;09757;São Gonçalo do Gurguéia;2825;2825;2947
PI;22;09807;São Gonçalo do Piauí;4754;4754;4837
PI;22;09856;São João da Canabrava;4445;4445;4242
PI;22;09872;São João da Fronteira;5608;5691;5522
PI;22;09906;São João da Serra;6157;6157;6114
PI;22;09955;São João da Varjota;4651;4651;4383
PI;22;09971;São João do Arraial;7336;7336;8186
PI;22;10003;São João do Piauí;19548;19548;21421
PI;22;10052;São José do Divino;5148;5148;4841
PI;22;10102;São José do Peixe;3700;3700;3297
PI;22;10201;São José do Piauí;6591;6591;6597
PI;22;10300;São Julião;5675;6132;6025
PI;22;10359;São Lourenço do Piauí;4427;4427;4410
PI;22;10375;São Luis do Piauí;2561;2564;2309
PI;22;10383;São Miguel da Baixa Grande;2110;2373;2269
PI;22;10391;São Miguel do Fidalgo;2976;2976;2829
PI;22;10409;São Miguel do Tapuio;18134;17463;17554
PI;22;10508;São Pedro do Piauí;13639;13639;13755
PI;22;10607;São Raimundo Nonato;32327;32327;38934
PI;22;10623;Sebastião Barros;3560;3560;3202
PI;22;10631;Sebastião Leal;4116;4116;4446
PI;22;10656;Sigefredo Pacheco;9619;9649;9460
PI;22;10706;Simões;14180;14138;14350
PI;22;10805;Simplício Mendes;12077;12089;13870
PI;22;10904;Socorro do Piauí;4522;4522;4141
PI;22;10938;Sussuapara;6229;6229;6220
PI;22;10953;Tamboril do Piauí;2753;2753;2949
PI;22;10979;Tanque do Piauí;2620;2620;2316
PI;22;11001;Teresina;814230;814230;866300
PI;22;11100;União;42654;42654;46119
PI;22;11209;Uruçuí;20149;20149;25203
PI;22;11308;Valença do Piauí;20326;20326;22279
PI;22;11357;Várzea Branca;4913;4913;5055
PI;22;11407;Várzea Grande;4336;4336;4417
PI;22;11506;Vera Mendes;2986;2986;3185
PI;22;11605;Vila Nova do Piauí;3076;3076;2935
PI;22;11704;Wall Ferraz;4280;4280;4059
CE;23;00101;Abaiara;10496;10456;10038
CE;23;00150;Acarape;15338;13661;14027
CE;23;00200;Acaraú;57551;57190;65264
CE;23;00309;Acopiara;51160;51271;44962
CE;23;00408;Aiuaba;16203;16203;14076
CE;23;00507;Alcântaras;10771;10877;11369
CE;23;00606;Altaneira;6856;6856;6782
CE;23;00705;Alto Santo;16359;15250;14155
CE;23;00754;Amontada;39232;39172;42156
CE;23;00804;Antonina do Norte;6984;6984;7245
CE;23;00903;Apuiarés;13925;13661;12928
CE;23;01000;Aquiraz;72628;72652;80645
CE;23;01109;Aracati;69159;69177;75113
CE;23;01208;Aracoiaba;25391;25338;25553
CE;23;01257;Ararendá;10491;10501;11096
CE;23;01307;Araripe;20685;20679;19783
CE;23;01406;Aratuba;11529;12016;11224
CE;23;01505;Arneiroz;7650;7650;7429
CE;23;01604;Assaré;22445;22398;21697
CE;23;01703;Aurora;24566;24566;23714
CE;23;01802;Baixio;6026;6026;5704
CE;23;01851;Banabuiú;17315;17302;17195
CE;23;01901;Barbalha;55323;55523;75033
CE;23;01950;Barreira;19573;20653;22392
CE;23;02008;Barro;21514;21520;19381
CE;23;02057;Barroquinha;14476;14476;14567
CE;23;02107;Baturité;33321;33302;35218
CE;23;02206;Beberibe;49311;49095;53114
CE;23;02305;Bela Cruz;30878;30745;32775
CE;23;02404;Boa Viagem;52498;52421;50411
CE;23;02503;Brejo Santo;45193;45189;51090
CE;23;02602;Camocim;60158;60158;62326
CE;23;02701;Campos Sales;26506;26478;25135
CE;23;02800;Canindé;74473;73228;74174
CE;23;02909;Capistrano;17062;16963;17254
CE;23;03006;Caridade;20020;19956;16377
CE;23;03105;Cariré;18347;17987;17632
CE;23;03204;Caririaçu;26393;26236;26320
CE;23;03303;Cariús;18567;18320;17015
CE;23;03402;Carnaubal;16746;16537;17210
CE;23;03501;Cascavel;66142;65897;72720
CE;23;03600;Catarina;18745;18705;10243
CE;23;03659;Catunda;9952;9828;10444
CE;23;03709;Caucaia;325441;319637;355679
CE;23;03808;Cedro;24527;24792;22344
CE;23;03907;Chaval;12615;12615;12462
CE;23;03931;Choró;12853;12853;12113
CE;23;03956;Chorozinho;18915;19753;20163
CE;23;04004;Coreaú;21954;21738;20953
CE;23;04103;Crateús;72812;72817;76390
CE;23;04202;Crato;121428;121260;131050
CE;23;04236;Croatá;17069;17066;17481
CE;23;04251;Cruz;22479;22983;29761
CE;23;04269;Deputado Irapuan Pinheiro;9095;9097;8932
CE;23;04277;Ereré;6840;6802;6474
CE;23;04285;Eusébio;46033;46033;74170
CE;23;04301;Farias Brito;19007;19617;18217
CE;23;04350;Forquilha;21786;21614;24173
CE;23;04400;Fortaleza;2452185;2459712;2428708
CE;23;04459;Fortim;14817;14791;17294
CE;23;04509;Frecheirinha;12991;13227;15657
CE;23;04608;General Sampaio;6218;6780;6734
CE;23;04657;Graça;15049;14042;13801
CE;23;04707;Granja;52645;51717;53344
CE;23;04806;Granjeiro;4629;5025;4841
CE;23;04905;Groaíras;10228;10147;10910
CE;23;04954;Guaiúba;24091;23504;24325
CE;23;05001;Guaraciaba do Norte;37775;38548;42053
CE;23;05100;Guaramiranga;4164;5644;5654
CE;23;05209;Hidrolândia;19325;18896;17855
CE;23;05233;Horizonte;55187;55187;74755
CE;23;05266;Ibaretama;12922;12939;11956
CE;23;05308;Ibiapina;23808;23726;23965
CE;23;05332;Ibicuitinga;11335;11335;11611
CE;23;05357;Icapuí;18392;18392;21433
CE;23;05407;Icó;65456;65357;62642
CE;23;05506;Iguatu;96495;95243;98064
CE;23;05605;Independência;25573;25573;24024
CE;23;05654;Ipaporanga;11343;11347;11575
CE;23;05704;Ipaumirim;12009;12009;12083
CE;23;05803;Ipu;40296;40292;41081
CE;23;05902;Ipueiras;37862;37876;36798
CE;23;06009;Iracema;13722;13760;14001
CE;23;06108;Irauçuba;22324;22324;23915
CE;23;06207;Itaiçaba;7316;7316;7536
CE;23;06256;Itaitinga;35817;34102;64650
CE;23;06306;Itapajé;48350;48070;46426
CE;23;06405;Itapipoca;116065;116076;131123
CE;23;06504;Itapiúna;18626;18732;17841
CE;23;06553;Itarema;37471;37453;42957
CE;23;06603;Itatira;18894;19516;20424
CE;23;06702;Jaguaretama;17863;17934;17232
CE;23;06801;Jaguaribara;10399;10353;10356
CE;23;06900;Jaguaribe;34409;34409;33726
CE;23;07007;Jaguaruana;32236;31859;31701
CE;23;07106;Jardim;26688;26574;27411
CE;23;07205;Jati;7660;7769;7861
CE;23;07254;Jijoca de Jericoacoara;17002;16958;25555
CE;23;07304;Juazeiro do Norte;249939;250095;286120
CE;23;07403;Jucás;23807;23807;23922
CE;23;07502;Lavras da Mangabeira;31090;31032;30802
CE;23;07601;Limoeiro do Norte;56264;55180;59560
CE;23;07635;Madalena;18088;17731;16896
CE;23;07650;Maracanaú;209057;209098;234509
CE;23;07700;Maranguape;113561;114005;105093
CE;23;07809;Marco;24703;24698;25799
CE;23;07908;Martinópole;10214;10214;10846
CE;23;08005;Massapê;35191;35190;37697
CE;23;08104;Mauriti;44240;45132;45561
CE;23;08203;Meruoca;13693;13599;15157
CE;23;08302;Milagres;28316;27418;25900
CE;23;08351;Milhã;13086;13015;14123
CE;23;08377;Miraíma;12800;12866;14196
CE;23;08401;Missão Velha;34274;33898;36822
CE;23;08500;Mombaça;42690;42375;37735
CE;23;08609;Monsenhor Tabosa;16705;16753;17149
CE;23;08708;Morada Nova;62065;62041;61443
CE;23;08807;Moraújo;8070;8050;8254
CE;23;08906;Morrinhos;20700;20723;22753
CE;23;09003;Mucambo;14102;14138;13666
CE;23;09102;Mulungu;11485;9534;10569
CE;23;09201;Nova Olinda;14256;14186;15399
CE;23;09300;Nova Russas;30965;30947;30699
CE;23;09409;Novo Oriente;27453;27435;27545
CE;23;09458;Ocara;24007;24020;24493
CE;23;09508;Orós;21389;21389;19675
CE;23;09607;Pacajus;61838;61838;70983
CE;23;09706;Pacatuba;72299;71581;81524
CE;23;09805;Pacoti;11607;11780;11186
CE;23;09904;Pacujá;5986;6253;6175
CE;23;10001;Palhano;8866;8866;9346
CE;23;10100;Palmácia;12005;11994;10242
CE;23;10209;Paracuru;31636;32310;38980
CE;23;10258;Paraipaba;30041;29849;32216
CE;23;10308;Parambu;31309;31491;31445
CE;23;10407;Paramoti;11308;11763;10384
CE;23;10506;Pedra Branca;41890;41933;40187
CE;23;10605;Penaforte;8226;8299;8972
CE;23;10704;Pentecoste;35400;35651;37813
CE;23;10803;Pereiro;15757;15757;15274
CE;23;10852;Pindoretama;18683;18334;23391
CE;23;10902;Piquet Carneiro;15467;15469;16616
CE;23;10951;Pires Ferreira;10216;10263;10606
CE;23;11009;Poranga;12001;11992;12065
CE;23;11108;Porteiras;15061;15048;17050
CE;23;11207;Potengi;10276;10273;8833
CE;23;11231;Potiretama;6126;6126;5974
CE;23;11264;Quiterianópolis;19921;19921;20213
CE;23;11306;Quixadá;80604;80608;84168
CE;23;11355;Quixelô;15000;16139;15910
CE;23;11405;Quixeramobim;71887;73160;82177
CE;23;11504;Quixeré;19412;20401;20874
CE;23;11603;Redenção;26415;27622;27214
CE;23;11702;Reriutaba;19455;19103;18606
CE;23;11801;Russas;69833;70408;72928
CE;23;11900;Saboeiro;15752;15792;13854
CE;23;11959;Salitre;15453;15487;16633
CE;23;12007;Santana do Acaraú;29946;29972;30628
CE;23;12106;Santana do Cariri;17170;17228;16954
CE;23;12205;Santa Quitéria;42763;42763;40183
CE;23;12304;São Benedito;44178;44875;47640
CE;23;12403;São Gonçalo do Amarante;43890;43393;54143
CE;23;12502;São João do Jaguaribe;7900;7900;5855
CE;23;12601;São Luís do Curu;12332;12347;10822
CE;23;12700;Senador Pompeu;26469;25350;24266
CE;23;12809;Senador Sá;6852;6852;7262
CE;23;12908;Sobral;188233;188677;203023
CE;23;13005;Solonópole;17665;17665;18179
CE;23;13104;Tabuleiro do Norte;29204;30209;30652
CE;23;13203;Tamboril;25451;25974;24815
CE;23;13252;Tarrafas;8910;8597;7529
CE;23;13302;Tauá;55716;55849;61227
CE;23;13351;Tejuçuoca;16827;17136;17154
CE;23;13401;Tianguá;68892;69083;81506
CE;23;13500;Trairi;51422;51422;58415
CE;23;13559;Tururu;14408;14495;15412
CE;23;13609;Ubajara;31787;31787;32767
CE;23;13708;Umari;7545;7545;6871
CE;23;13757;Umirim;18802;18741;17470
CE;23;13807;Uruburetama;19765;19703;20189
CE;23;13906;Uruoca;12883;12883;13746
CE;23;13955;Varjota;17593;17593;18105
CE;23;14003;Várzea Alegre;38434;38276;38984
CE;23;14102;Viçosa do Ceará;54955;54955;59712
RN;24;00109;Acari;11035;11035;10597
RN;24;00208;Açu;53227;53227;56496
RN;24;00307;Afonso Bezerra;10844;10844;10839
RN;24;00406;Água Nova;2980;2980;2946
RN;24;00505;Alexandria;13507;13507;13640
RN;24;00604;Almino Afonso;4871;4871;4687
RN;24;00703;Alto do Rodrigues;12305;12305;12484
RN;24;00802;Angicos;11549;11549;11632
RN;24;00901;Antônio Martins;6907;6907;6577
RN;24;01008;Apodi;34763;34763;36093
RN;24;01107;Areia Branca;25315;25315;24093
RN;24;01206;Arês;12924;12924;13251
RN;24;01305;Campo Grande;9289;9289;9730
RN;24;01404;Baía Formosa;8573;8573;8825
RN;24;01453;Baraúna;24182;24182;26913
RN;24;01503;Barcelona;3950;3950;3986
RN;24;01602;Bento Fernandes;5113;5113;4807
RN;24;01651;Bodó;2425;2425;2306
RN;24;01701;Bom Jesus;9440;9440;9952
RN;24;01800;Brejinho;11577;11577;12202
RN;24;01859;Caiçara do Norte;6016;6295;6293
RN;24;01909;Caiçara do Rio do Vento;3308;3308;3268
RN;24;02006;Caicó;62709;62709;61146
RN;24;02105;Campo Redondo;10266;10266;10215
RN;24;02204;Canguaretama;30916;30916;29668
RN;24;02303;Caraúbas;19576;19576;19727
RN;24;02402;Carnaúba dos Dantas;7429;7429;7992
RN;24;02501;Carnaubais;9762;9495;9714
RN;24;02600;Ceará-Mirim;68141;68141;79115
RN;24;02709;Cerro Corá;10916;10916;11000
RN;24;02808;Coronel Ezequiel;5405;5405;5117
RN;24;02907;Coronel João Pessoa;4772;4772;4237
RN;24;03004;Cruzeta;7967;7967;8005
RN;24;03103;Currais Novos;42652;42652;41313
RN;24;03202;Doutor Severiano;6492;6956;7044
RN;24;03251;Parnamirim;202456;202456;252716
RN;24;03301;Encanto;5231;5231;6016
RN;24;03400;Equador;5822;5822;5360
RN;24;03509;Espírito Santo;10475;10475;10620
RN;24;03608;Extremoz;24569;24569;61635
RN;24;03707;Felipe Guerra;5734;5734;5944
RN;24;03756;Fernando Pedroza;2854;2854;2938
RN;24;03806;Florânia;8959;9713;10196
RN;24;03905;Francisco Dantas;2874;2874;2700
RN;24;04002;Frutuoso Gomes;4233;4233;4122
RN;24;04101;Galinhos;2159;2159;2104
RN;24;04200;Goianinha;22481;22481;26741
RN;24;04309;Governador Dix-Sept Rosado;12374;12374;11938
RN;24;04408;Grossos;9393;9393;9924
RN;24;04507;Guamaré;12404;12404;15295
RN;24;04606;Ielmo Marinho;12171;12171;11615
RN;24;04705;Ipanguaçu;13856;13856;14131
RN;24;04804;Ipueira;2077;2077;2035
RN;24;04853;Itajá;6932;6932;7292
RN;24;04903;Itaú;5564;5564;5320
RN;24;05009;Jaçanã;7925;7925;7834
RN;24;05108;Jandaíra;6801;6585;6562
RN;24;05207;Janduís;5345;5345;4746
RN;24;05306;Januário Cicco;9011;9062;9051
RN;24;05405;Japi;5522;5522;5117
RN;24;05504;Jardim de Angicos;2607;2607;2437
RN;24;05603;Jardim de Piranhas;13506;13506;13977
RN;24;05702;Jardim do Seridó;12113;12113;11655
RN;24;05801;João Câmara;32227;32227;33290
RN;24;05900;João Dias;2601;2601;2076
RN;24;06007;José da Penha;5868;5868;5803
RN;24;06106;Jucurutu;17692;17692;17793
RN;24;06155;Jundiá;3582;3582;3739
RN;24;06205;Lagoa d'Anta;6227;6227;6654
RN;24;06304;Lagoa de Pedras;6989;6989;7338
RN;24;06403;Lagoa de Velhos;2668;2668;2567
RN;24;06502;Lagoa Nova;13983;13983;15573
RN;24;06601;Lagoa Salgada;7564;7564;8319
RN;24;06700;Lajes;10381;10381;9866
RN;24;06809;Lajes Pintadas;4612;4612;4787
RN;24;06908;Lucrécia;3633;3633;3490
RN;24;07005;Luís Gomes;9610;9610;9070
RN;24;07104;Macaíba;69467;69173;82249
RN;24;07203;Macau;28954;28954;27369
RN;24;07252;Major Sales;3536;3536;3924
RN;24;07302;Marcelino Vieira;8265;8265;7896
RN;24;07401;Martins;8218;8218;8179
RN;24;07500;Maxaranguape;10441;10441;10255
RN;24;07609;Messias Targino;4188;4188;4274
RN;24;07708;Montanhas;11413;11413;11444
RN;24;07807;Monte Alegre;20685;20763;23031
RN;24;07906;Monte das Gameleiras;2261;2261;2276
RN;24;08003;Mossoró;259815;259815;264577
RN;24;08102;Natal;803739;803739;751300
RN;24;08201;Nísia Floresta;23784;23784;31942
RN;24;08300;Nova Cruz;35490;35490;34269
RN;24;08409;Olho d'Água do Borges;4295;4295;3905
RN;24;08508;Ouro Branco;4699;4699;4913
RN;24;08607;Paraná;3952;3952;3934
RN;24;08706;Paraú;3859;3859;3579
RN;24;08805;Parazinho;4845;4782;4801
RN;24;08904;Parelhas;20354;20354;21499
RN;24;08953;Rio do Fogo;10059;10059;10351
RN;24;09100;Passa e Fica;11100;11100;10896
RN;24;09209;Passagem;2895;2895;3115
RN;24;09308;Patu;11964;11964;11007
RN;24;09332;Santa Maria;4762;4762;4847
RN;24;09407;Pau dos Ferros;27745;27745;30479
RN;24;09506;Pedra Grande;3521;3521;3618
RN;24;09605;Pedra Preta;2590;2590;2441
RN;24;09704;Pedro Avelino;7171;7171;6242
RN;24;09803;Pedro Velho;14114;14114;13824
RN;24;09902;Pendências;13432;13432;12278
RN;24;10009;Pilões;3453;3453;2965
RN;24;10108;Poço Branco;13949;13949;12390
RN;24;10207;Portalegre;7320;7320;7601
RN;24;10256;Porto do Mangue;5217;5484;5228
RN;24;10306;Serra Caiada;8768;8960;10125
RN;24;10405;Pureza;8424;8424;9362
RN;24;10504;Rafael Fernandes;4692;4692;5432
RN;24;10603;Rafael Godeiro;3063;3063;2934
RN;24;10702;Riacho da Cruz;3165;3165;2701
RN;24;10801;Riacho de Santana;4156;4156;4127
RN;24;10900;Riachuelo;7067;7067;7389
RN;24;11007;Rodolfo Fernandes;4418;4418;4242
RN;24;11056;Tibau;3687;3687;5382
RN;24;11106;Ruy Barbosa;3595;3595;3206
RN;24;11205;Santa Cruz;35797;35797;37313
RN;24;11403;Santana do Matos;13809;13284;12456
RN;24;11429;Santana do Seridó;2526;2526;2696
RN;24;11502;Santo Antônio;22216;22216;22177
RN;24;11601;São Bento do Norte;2975;2975;3304
RN;24;11700;São Bento do Trairí;3905;3905;3792
RN;24;11809;São Fernando;3401;3401;3492
RN;24;11908;São Francisco do Oeste;3874;3874;4161
RN;24;12005;São Gonçalo do Amarante;87668;87962;115838
RN;24;12104;São João do Sabugi;5922;5922;5956
RN;24;12203;São José de Mipibu;39776;39698;47286
RN;24;12302;São José do Campestre;12356;12356;11121
RN;24;12401;São José do Seridó;4231;4231;4558
RN;24;12500;São Miguel;22157;21693;23537
RN;24;12559;São Miguel do Gostoso;8670;9287;10221
RN;24;12609;São Paulo do Potengi;15843;15843;16786
RN;24;12708;São Pedro;6235;6235;5776
RN;24;12807;São Rafael;8111;8111;7711
RN;24;12906;São Tomé;10827;10827;9972
RN;24;13003;São Vicente;6028;6028;6310
RN;24;13102;Senador Elói de Souza;5637;5553;5965
RN;24;13201;Senador Georgino Avelino;3924;3924;4065
RN;24;13300;Serra de São Bento;5743;5743;5703
RN;24;13359;Serra do Mel;10287;10287;13091
RN;24;13409;Serra Negra do Norte;7770;7770;7597
RN;24;13508;Serrinha;6581;6581;6436
RN;24;13557;Serrinha dos Pintos;4540;4540;4659
RN;24;13607;Severiano Melo;5752;5752;5487
RN;24;13706;Sítio Novo;5020;5020;4654
RN;24;13805;Taboleiro Grande;2317;2317;2338
RN;24;13904;Taipu;11836;11836;11422
RN;24;14001;Tangará;14175;14016;13281
RN;24;14100;Tenente Ananias;9883;9883;10262
RN;24;14159;Tenente Laurentino Cruz;5406;5177;5891
RN;24;14209;Tibau do Sul;11385;11385;16929
RN;24;14308;Timbaúba dos Batistas;2295;2295;2348
RN;24;14407;Touros;31089;30472;33035
RN;24;14456;Triunfo Potiguar;3368;3368;3376
RN;24;14506;Umarizal;10659;10659;10078
RN;24;14605;Upanema;12992;12992;13577
RN;24;14704;Várzea;5236;5236;5233
RN;24;14753;Venha-Ver;3821;3821;3014
RN;24;14803;Vera Cruz;10719;10719;10735
RN;24;14902;Viçosa;1618;1618;1822
RN;24;15008;Vila Flor;2872;2872;3174
PB;25;00106;Água Branca;9449;9449;9335
PB;25;00205;Aguiar;5530;5604;5003
PB;25;00304;Alagoa Grande;28479;28410;26062
PB;25;00403;Alagoa Nova;19681;19856;21013
PB;25;00502;Alagoinha;13576;13627;13725
PB;25;00536;Alcantil;5239;5239;5578
PB;25;00577;Algodão de Jandaíra;2366;2429;2953
PB;25;00601;Alhandra;18007;18055;21730
PB;25;00700;São João do Rio do Peixe;18201;17746;17964
PB;25;00734;Amparo;2088;2085;2234
PB;25;00775;Aparecida;7676;7620;7960
PB;25;00809;Araçagi;17224;17199;16646
PB;25;00908;Arara;12653;12613;12212
PB;25;01005;Araruna;18879;18683;17189
PB;25;01104;Areia;23829;23742;22633
PB;25;01153;Areia de Baraúnas;1927;2183;2005
PB;25;01203;Areial;6470;6624;7128
PB;25;01302;Aroeiras;19082;19082;18705
PB;25;01351;Assunção;3522;3594;4152
PB;25;01401;Baía da Traição;8012;7971;9224
PB;25;01500;Bananeiras;21851;21315;23134
PB;25;01534;Baraúna;4220;4210;4762
PB;25;01575;Barra de Santana;8206;8278;8059
PB;25;01609;Barra de Santa Rosa;14157;14157;12904
PB;25;01708;Barra de São Miguel;5611;5671;5906
PB;25;01807;Bayeux;99716;92350;82742
PB;25;01906;Belém;17093;17101;16401
PB;25;02003;Belém do Brejo do Cruz;7143;7143;6268
PB;25;02052;Bernardino Batista;3075;3145;3504
PB;25;02102;Boa Ventura;5751;5756;5207
PB;25;02151;Boa Vista;6227;6221;6377
PB;25;02201;Bom Jesus;2400;2400;2286
PB;25;02300;Bom Sucesso;5035;5035;4661
PB;25;02409;Bonito de Santa Fé;10804;10818;10252
PB;25;02508;Boqueirão;16888;16922;17598
PB;25;02607;Igaracy;6156;6099;5648
PB;25;02706;Borborema;5111;4962;4214
PB;25;02805;Brejo do Cruz;13123;13163;13613
PB;25;02904;Brejo dos Santos;6198;6198;5742
PB;25;03001;Caaporã;20362;20362;21193
PB;25;03100;Cabaceiras;5035;5092;5335
PB;25;03209;Cabedelo;57944;57944;66519
PB;25;03308;Cachoeira dos Índios;9546;9546;9151
PB;25;03407;Cacimba de Areia;3557;3498;3291
PB;25;03506;Cacimba de Dentro;16748;16923;16064
PB;25;03555;Cacimbas;6814;6814;7223
PB;25;03605;Caiçara;7220;7139;6602
PB;25;03704;Cajazeiras;58446;58365;63239
PB;25;03753;Cajazeirinhas;3033;3033;2740
PB;25;03803;Caldas Brandão;5637;5637;5753
PB;25;03902;Camalaú;5749;5749;6085
PB;25;04009;Campina Grande;385213;384737;419379
PB;25;04033;Capim;5601;5601;6970
PB;25;04074;Caraúbas;3899;3899;3944
PB;25;04108;Carrapateira;2378;2378;2312
PB;25;04157;Casserengue;7058;7062;6889
PB;25;04207;Catingueira;4812;4812;4491
PB;25;04306;Catolé do Rocha;28759;28818;30661
PB;25;04355;Caturité;4543;4563;5254
PB;25;04405;Conceição;18363;18412;18260
PB;25;04504;Condado;6584;6491;6451
PB;25;04603;Conde;21400;21400;27605
PB;25;04702;Congo;4687;4687;4933
PB;25;04801;Coremas;15149;15174;14683
PB;25;04850;Coxixola;1771;1771;1824
PB;25;04900;Cruz do Espírito Santo;16257;15815;17095
PB;25;05006;Cubati;6866;7361;7580
PB;25;05105;Cuité;19978;19978;19719
PB;25;05204;Cuitegi;6889;6895;6730
PB;25;05238;Cuité de Mamanguape;6202;6202;6251
PB;25;05279;Curral de Cima;5209;5204;5254
PB;25;05303;Curral Velho;2505;2505;2292
PB;25;05352;Damião;4900;4900;4982
PB;25;05402;Desterro;7991;7991;8067
PB;25;05501;Vista Serrana;3512;3511;3641
PB;25;05600;Diamante;6616;6616;6299
PB;25;05709;Dona Inês;10517;10579;10380
PB;25;05808;Duas Estradas;3638;3638;3327
PB;25;05907;Emas;3317;3317;3011
PB;25;06004;Esperança;31095;30792;31231
PB;25;06103;Fagundes;11405;11341;11049
PB;25;06202;Frei Martinho;2933;2933;2846
PB;25;06251;Gado Bravo;8376;8258;8179
PB;25;06301;Guarabira;55326;55381;57484
PB;25;06400;Gurinhém;13872;13872;13766
PB;25;06509;Gurjão;3159;3159;3242
PB;25;06608;Ibiara;6031;6031;5631
PB;25;06707;Imaculada;11352;11352;10392
PB;25;06806;Ingá;18180;17415;17692
PB;25;06905;Itabaiana;24481;24481;23182
PB;25;07002;Itaporanga;23192;23098;23940
PB;25;07101;Itapororoca;16997;16997;18382
PB;25;07200;Itatuba;10201;10302;10499
PB;25;07309;Jacaraú;13942;14004;14477
PB;25;07408;Jericó;7538;7538;7516
PB;25;07507;João Pessoa;723515;723515;833932
PB;25;07606;Juarez Távora;7459;7459;7796
PB;25;07705;Juazeirinho;16776;16776;17007
PB;25;07804;Junco do Seridó;6643;6643;6793
PB;25;07903;Juripiranga;10237;10237;10012
PB;25;08000;Juru;9826;9826;9234
PB;25;08109;Lagoa;4681;4681;4415
PB;25;08208;Lagoa de Dentro;7370;7428;7819
PB;25;08307;Lagoa Seca;25900;26033;27730
PB;25;08406;Lastro;2841;2850;3162
PB;25;08505;Livramento;7164;7044;6877
PB;25;08554;Logradouro;3942;3942;4797
PB;25;08604;Lucena;11730;11730;12560
PB;25;08703;Mãe d'Água;4019;4019;3583
PB;25;08802;Malta;5613;5706;6046
PB;25;08901;Mamanguape;42303;41920;44599
PB;25;09008;Manaíra;10759;10610;10434
PB;25;09057;Marcação;7609;7609;8999
PB;25;09107;Mari;21176;21176;21512
PB;25;09156;Marizópolis;6173;6188;6705
PB;25;09206;Massaranduba;12902;12994;14139
PB;25;09305;Mataraca;7407;7407;8244
PB;25;09339;Matinhas;4321;4290;4571
PB;25;09370;Mato Grosso;2702;2702;2543
PB;25;09396;Maturéia;5939;5939;6433
PB;25;09404;Mogeiro;12491;13219;13899
PB;25;09503;Montadas;4990;4990;5812
PB;25;09602;Monte Horebe;4508;4508;4338
PB;25;09701;Monteiro;30852;30852;32277
PB;25;09800;Mulungu;9469;9463;8791
PB;25;09909;Natuba;10566;10277;8945
PB;25;10006;Nazarezinho;7280;7284;7203
PB;25;10105;Nova Floresta;10533;10533;9724
PB;25;10204;Nova Olinda;6070;6070;5787
PB;25;10303;Nova Palmeira;4361;4373;4259
PB;25;10402;Olho d'Água;6931;6931;6060
PB;25;10501;Olivedos;3627;3618;3580
PB;25;10600;Ouro Velho;2928;2928;2918
PB;25;10659;Parari;1256;1842;1720
PB;25;10709;Passagem;2233;2233;2463
PB;25;10808;Patos;100674;100693;103165
PB;25;10907;Paulista;11788;11840;11834
PB;25;11004;Pedra Branca;3721;3721;3739
PB;25;11103;Pedra Lavrada;7475;7236;6859
PB;25;11202;Pedras de Fogo;27032;27289;29662
PB;25;11301;Piancó;15465;15465;16441
PB;25;11400;Picuí;18222;18202;18333
PB;25;11509;Pilar;11191;11191;12311
PB;25;11608;Pilões;6978;6995;6815
PB;25;11707;Pilõezinhos;5155;5046;5329
PB;25;11806;Pirpirituba;10326;10327;9340
PB;25;11905;Pitimbu;17024;16976;16751
PB;25;12002;Pocinhos;17032;17022;17469
PB;25;12036;Poço Dantas;3751;3863;3830
PB;25;12077;Poço de José de Moura;3978;3978;4006
PB;25;12101;Pombal;32110;32157;32473
PB;25;12200;Prata;3854;3891;3915
PB;25;12309;Princesa Isabel;21283;21210;21114
PB;25;12408;Puxinanã;12923;12911;14277
PB;25;12507;Queimadas;41049;41361;47658
PB;25;12606;Quixaba;1699;1699;1743
PB;25;12705;Remígio;17581;17766;17885
PB;25;12721;Pedro Régis;5765;5765;5766
PB;25;12747;Riachão;3266;3258;2927
PB;25;12754;Riachão do Bacamarte;4264;4264;4690
PB;25;12762;Riachão do Poço;4164;4164;4738
PB;25;12788;Riacho de Santo Antônio;1722;1696;1955
PB;25;12804;Riacho dos Cavalos;8314;8239;8493
PB;25;12903;Rio Tinto;22976;23366;24581
PB;25;13000;Salgadinho;3508;3436;3355
PB;25;13109;Salgado de São Félix;11976;11976;11505
PB;25;13158;Santa Cecília;6658;6563;7670
PB;25;13208;Santa Cruz;6471;6471;5947
PB;25;13307;Santa Helena;5369;5920;5865
PB;25;13356;Santa Inês;3539;3539;3227
PB;25;13406;Santa Luzia;14719;14719;14959
PB;25;13505;Santana de Mangueira;5331;5328;5010
PB;25;13604;Santana dos Garrotes;7266;7266;6569
PB;25;13653;Joca Claudino;2615;2564;2539
PB;25;13703;Santa Rita;120310;127676;149910
PB;25;13802;Santa Teresinha;4581;4581;4402
PB;25;13851;Santo André;2638;2569;2622
PB;25;13901;São Bento;30879;30801;32235
PB;25;13927;São Bentinho;4138;4138;4327
PB;25;13943;São Domingos do Cariri;2420;2441;2585
PB;25;13968;São Domingos;2855;2820;2595
PB;25;13984;São Francisco;3364;3391;3137
PB;25;14008;São João do Cariri;4344;4239;4226
PB;25;14107;São João do Tigre;4396;4396;4263
PB;25;14206;São José da Lagoa Tapada;7564;7520;7126
PB;25;14305;São José de Caiana;6010;6094;5034
PB;25;14404;São José de Espinharas;4760;4800;4083
PB;25;14453;São José dos Ramos;5508;5508;5891
PB;25;14503;São José de Piranhas;19096;19209;19067
PB;25;14552;São José de Princesa;4219;4364;3416
PB;25;14602;São José do Bonfim;3233;3233;3242
PB;25;14651;São José do Brejo do Cruz;1684;1684;1699
PB;25;14701;São José do Sabugi;4010;4010;4138
PB;25;14800;São José dos Cordeiros;3985;3646;3411
PB;25;14909;São Mamede;7748;7748;7470
PB;25;15005;São Miguel de Taipu;6696;6881;7066
PB;25;15104;São Sebastião de Lagoa de Roça;11041;10893;11040
PB;25;15203;São Sebastião do Umbuzeiro;3235;3235;3279
PB;25;15302;Sapé;50143;50143;51306
PB;25;15401;São Vicente do Seridó;10230;9966;10291
PB;25;15500;Serra Branca;12973;12987;13614
PB;25;15609;Serra da Raiz;3204;3228;3094
PB;25;15708;Serra Grande;2975;2794;2942
PB;25;15807;Serra Redonda;7050;7070;6828
PB;25;15906;Serraria;6238;6238;4885
PB;25;15930;Sertãozinho;4395;4395;5054
PB;25;15971;Sobrado;7373;7373;8236
PB;25;16003;Solânea;26693;27380;26774
PB;25;16102;Soledade;13739;13774;13968
PB;25;16151;Sossêgo;3169;3169;3345
PB;25;16201;Sousa;65803;65799;67259
PB;25;16300;Sumé;16060;16096;17166
PB;25;16409;Tacima;10262;10229;8010
PB;25;16508;Taperoá;14936;14543;14068
PB;25;16607;Tavares;14103;14176;14101
PB;25;16706;Teixeira;14153;14153;14631
PB;25;16755;Tenório;2813;2813;2966
PB;25;16805;Triunfo;9220;9201;9892
PB;25;16904;Uiraúna;14584;14472;14930
PB;25;17001;Umbuzeiro;9298;9682;9124
PB;25;17100;Várzea;2504;2504;2668
PB;25;17209;Vieirópolis;5045;5045;4864
PB;25;17407;Zabelê;2075;2075;2228
PE;26;00054;Abreu e Lima;94429;94425;98462
PE;26;00104;Afogados da Ingazeira;35088;35088;40241
PE;26;00203;Afrânio;17586;17586;18674
PE;26;00302;Agrestina;22679;22679;23779
PE;26;00401;Água Preta;33095;33095;26461
PE;26;00500;Águas Belas;40235;40235;41548
PE;26;00609;Alagoinha;13759;13559;13542
PE;26;00708;Aliança;37415;37415;35741
PE;26;00807;Altinho;22353;22337;20674
PE;26;00906;Amaraji;21939;21890;18205
PE;26;01003;Angelim;10202;10202;10241
PE;26;01052;Araçoiaba;18156;18156;19243
PE;26;01102;Araripina;77302;78429;85088
PE;26;01201;Arcoverde;68793;68253;77742
PE;26;01300;Barra de Guabiraba;12776;12896;12263
PE;26;01409;Barreiros;40732;40732;40121
PE;26;01508;Belém de Maria;11353;11353;10378
PE;26;01607;Belém do São Francisco;20253;20253;18301
PE;26;01706;Belo Jardim;72432;72432;79507
PE;26;01805;Betânia;12003;12003;11232
PE;26;01904;Bezerros;58668;58668;61694
PE;26;02001;Bodocó;35158;35158;34478
PE;26;02100;Bom Conselho;45503;45503;44294
PE;26;02209;Bom Jardim;37826;38500;37629
PE;26;02308;Bonito;37566;37469;37474
PE;26;02407;Brejão;8844;8844;9079
PE;26;02506;Brejinho;7307;7307;7720
PE;26;02605;Brejo da Madre de Deus;45180;45180;48648
PE;26;02704;Buenos Aires;12537;12537;12808
PE;26;02803;Buíque;52105;52105;52097
PE;26;02902;Cabo de Santo Agostinho;185025;185025;203440
PE;26;03009;Cabrobó;30873;30873;30294
PE;26;03108;Cachoeirinha;18819;18819;19899
PE;26;03207;Caetés;26577;26577;28827
PE;26;03306;Calçado;11125;11125;11093
PE;26;03405;Calumbi;5648;5648;5228
PE;26;03454;Camaragibe;144466;144466;147771
PE;26;03504;Camocim de São Félix;17104;17104;17419
PE;26;03603;Camutanga;8156;8168;7750
PE;26;03702;Canhotinho;24521;24521;24329
PE;26;03801;Capoeiras;19593;19581;18338
PE;26;03900;Carnaíba;18574;18574;18644
PE;26;03926;Carnaubeira da Penha;11782;11782;12239
PE;26;04007;Carpina;74858;74858;79293
PE;26;04106;Caruaru;314912;314912;378048
PE;26;04155;Casinhas;13766;13766;12967
PE;26;04205;Catende;37820;37820;32156
PE;26;04304;Cedro;10778;10778;10518
PE;26;04403;Chã de Alegria;12404;12414;12984
PE;26;04502;Chã Grande;20137;20137;20546
PE;26;04601;Condado;24282;24282;24587
PE;26;04700;Correntes;17419;17235;17131
PE;26;04809;Cortês;12452;12501;10198
PE;26;04908;Cumaru;17183;17183;15920
PE;26;05004;Cupira;23390;22964;23518
PE;26;05103;Custódia;33855;33855;37699
PE;26;05152;Dormentes;16917;16917;17188
PE;26;05202;Escada;63517;63489;59891
PE;26;05301;Exu;31636;31636;31843
PE;26;05400;Feira Nova;20571;20571;21427
PE;26;05459;Fernando de Noronha;2630;2630;3167
PE;26;05509;Ferreiros;11430;11418;15026
PE;26;05608;Flores;22169;22169;20347
PE;26;05707;Floresta;29285;29285;30137
PE;26;05806;Frei Miguelinho;14293;14293;13636
PE;26;05905;Gameleira;27912;27912;18214
PE;26;06002;Garanhuns;129408;129408;142506
PE;26;06101;Glória do Goitá;29019;29065;29347
PE;26;06200;Goiana;75644;75231;81055
PE;26;06309;Granito;6855;6855;6967
PE;26;06408;Gravatá;76458;76476;86516
PE;26;06507;Iati;18360;18360;17165
PE;26;06606;Ibimirim;26954;25965;26593
PE;26;06705;Ibirajuba;7534;7534;7140
PE;26;06804;Igarassu;102021;102021;115196
PE;26;06903;Iguaracy;11779;11779;11081
PE;26;07000;Inajá;19081;20007;25603
PE;26;07109;Ingazeira;4496;4496;4765
PE;26;07208;Ipojuca;80637;80637;98932
PE;26;07307;Ipubi;28120;27097;29009
PE;26;07406;Itacuruba;4369;4369;4284
PE;26;07505;Itaíba;26256;26122;32650
PE;26;07604;Ilha de Itamaracá;21884;21884;24540
PE;26;07653;Itambé;35398;35398;34935
PE;26;07703;Itapetim;13881;13980;13791
PE;26;07752;Itapissuma;23769;23769;27749
PE;26;07802;Itaquitinga;15692;16105;16554
PE;26;07901;Jaboatão dos Guararapes;644620;644620;644037
PE;26;07950;Jaqueira;11501;11501;10247
PE;26;08008;Jataúba;15819;16042;15843
PE;26;08057;Jatobá;13963;13963;14020
PE;26;08107;João Alfredo;30743;30069;27725
PE;26;08206;Joaquim Nabuco;15773;15732;13269
PE;26;08255;Jucati;10604;10604;11517
PE;26;08305;Jupi;13705;13705;15329
PE;26;08404;Jurema;14541;14541;13648
PE;26;08453;Lagoa do Carro;16007;16007;17981
PE;26;08503;Lagoa de Itaenga;20659;20659;19003
PE;26;08602;Lagoa do Ouro;12132;12132;11933
PE;26;08701;Lagoa dos Gatos;15615;15665;14076
PE;26;08750;Lagoa Grande;22760;22760;24088
PE;26;08800;Lajedo;36628;36628;39582
PE;26;08909;Limoeiro;55439;55439;56510
PE;26;09006;Macaparana;23925;23925;23879
PE;26;09105;Machados;13596;13627;11333
PE;26;09154;Manari;18083;17887;23763
PE;26;09204;Maraial;12230;12230;9359
PE;26;09303;Mirandiba;14308;14308;14166
PE;26;09402;Moreno;56696;56696;55292
PE;26;09501;Nazaré da Mata;30796;30796;30648
PE;26;09600;Olinda;377779;377779;349976
PE;26;09709;Orobó;22878;22878;21808
PE;26;09808;Orocó;13180;13180;13613
PE;26;09907;Ouricuri;64358;63228;65245
PE;26;10004;Palmares;59526;59526;54584
PE;26;10103;Palmeirina;8189;8373;7031
PE;26;10202;Panelas;25645;26037;22991
PE;26;10301;Paranatama;11001;10866;12199
PE;26;10400;Parnamirim;20224;20646;18612
PE;26;10509;Passira;28628;28628;28340
PE;26;10608;Paudalho;51357;51361;56665
PE;26;10707;Paulista;300466;300466;342167
PE;26;10806;Pedra;20944;21644;22795
PE;26;10905;Pesqueira;62931;62737;62722
PE;26;11002;Petrolândia;32492;32492;34161
PE;26;11101;Petrolina;293962;293962;386791
PE;26;11200;Poção;11242;11019;10500
PE;26;11309;Pombos;24046;25953;27552
PE;26;11408;Primavera;13439;13409;13838
PE;26;11507;Quipapá;24186;24186;17928
PE;26;11533;Quixaba;6739;6739;6554
PE;26;11606;Recife;1537704;1537704;1488920
PE;26;11705;Riacho das Almas;19162;19162;20639
PE;26;11804;Ribeirão;44439;44497;33507
PE;26;11903;Rio Formoso;22151;22151;20009
PE;26;12000;Sairé;11240;11240;10887
PE;26;12109;Salgadinho;9312;9312;5727
PE;26;12208;Salgueiro;56629;56629;62372
PE;26;12307;Saloá;15309;15309;13836
PE;26;12406;Sanharó;21955;21955;18624
PE;26;12455;Santa Cruz;13594;13594;13841
PE;26;12471;Santa Cruz da Baixa Verde;11768;11768;11567
PE;26;12505;Santa Cruz do Capibaribe;87582;87582;98254
PE;26;12554;Santa Filomena;13371;13371;12106
PE;26;12604;Santa Maria da Boa Vista;39435;39435;40578
PE;26;12703;Santa Maria do Cambucá;13021;13021;14013
PE;26;12802;Santa Terezinha;10991;11089;10244
PE;26;12901;São Benedito do Sul;13941;13941;13113
PE;26;13008;São Bento do Una;53242;53242;49449
PE;26;13107;São Caitano;35274;35274;37126
PE;26;13206;São João;21312;21312;23837
PE;26;13305;São Joaquim do Monte;20488;20488;20037
PE;26;13404;São José da Coroa Grande;18180;18180;18825
PE;26;13503;São José do Belmonte;32617;32617;34843
PE;26;13602;São José do Egito;31829;31582;31004
PE;26;13701;São Lourenço da Mata;102895;102889;111249
PE;26;13800;São Vicente Férrer;17000;16969;16677
PE;26;13909;Serra Talhada;79232;79232;92228
PE;26;14006;Serrita;18331;18446;18207
PE;26;14105;Sertânia;33787;33787;32811
PE;26;14204;Sirinhaém;40296;40296;37596
PE;26;14303;Moreilândia;11132;11017;10540
PE;26;14402;Solidão;5744;5744;5210
PE;26;14501;Surubim;58515;58515;64120
PE;26;14600;Tabira;26427;26436;27681
PE;26;14709;Tacaimbó;12725;12725;13738
PE;26;14808;Tacaratu;22068;22068;23902
PE;26;14857;Tamandaré;20715;20715;23561
PE;26;15003;Taquaritinga do Norte;24903;24903;24736
PE;26;15102;Terezinha;6737;6737;6513
PE;26;15201;Terra Nova;9278;8856;8920
PE;26;15300;Timbaúba;53825;53825;46147
PE;26;15409;Toritama;35554;35554;41137
PE;26;15508;Tracunhaém;13055;13055;13867
PE;26;15607;Trindade;26116;27142;30321
PE;26;15706;Triunfo;15006;15006;14705
PE;26;15805;Tupanatinga;24425;24425;26937
PE;26;15904;Tuparetama;7925;7966;8005
PE;26;16001;Venturosa;16052;16433;17251
PE;26;16100;Verdejante;9142;9142;9169
PE;26;16183;Vertente do Lério;7873;7873;7558
PE;26;16209;Vertentes;18222;18222;21959
PE;26;16308;Vicência;30732;30732;26359
PE;26;16407;Vitória de Santo Antão;129974;128017;134084
PE;26;16506;Xexéu;14093;14093;11611
AL;27;00102;Água Branca;19377;19389;19008
AL;27;00201;Anadia;17424;17318;13966
AL;27;00300;Arapiraca;214006;213671;234696
AL;27;00409;Atalaia;44322;44326;37512
AL;27;00508;Barra de Santo Antônio;14230;14230;16365
AL;27;00607;Barra de São Miguel;7574;7574;7944
AL;27;00706;Batalha;17076;16769;16448
AL;27;00805;Belém;4551;4829;4722
AL;27;00904;Belo Monte;7030;6476;5936
AL;27;01001;Boca da Mata;25776;25916;21187
AL;27;01100;Branquinha;10583;10583;9603
AL;27;01209;Cacimbinhas;10195;10300;10482
AL;27;01308;Cajueiro;20409;20106;16024
AL;27;01357;Campestre;6598;6598;6665
AL;27;01407;Campo Alegre;50816;51121;32106
AL;27;01506;Campo Grande;9032;9244;8143
AL;27;01605;Canapi;17250;17338;15559
AL;27;01704;Capela;17077;17367;15032
AL;27;01803;Carneiros;8290;8415;8999
AL;27;01902;Chã Preta;7146;7138;5910
AL;27;02009;Coité do Nóia;10926;10926;10810
AL;27;02108;Colônia Leopoldina;20019;20019;15816
AL;27;02207;Coqueiro Seco;5526;5526;5581
AL;27;02306;Coruripe;52130;52072;50414
AL;27;02355;Craíbas;22641;22785;25397
AL;27;02405;Delmiro Gouveia;48096;48399;51318
AL;27;02504;Dois Riachos;10880;10894;9805
AL;27;02553;Estrela de Alagoas;17251;17287;15429
AL;27;02603;Feira Grande;21321;21513;22712
AL;27;02702;Feliz Deserto;4345;4403;3963
AL;27;02801;Flexeiras;12325;12325;9618
AL;27;02900;Girau do Ponciano;36600;36837;36102
AL;27;03007;Ibateguara;15149;15149;13731
AL;27;03106;Igaci;25188;25197;23995
AL;27;03205;Igreja Nova;23292;23074;21372
AL;27;03304;Inhapi;17898;17886;15167
AL;27;03403;Jacaré dos Homens;5413;5461;5083
AL;27;03502;Jacuípe;6997;6997;5352
AL;27;03601;Japaratinga;7754;7754;9219
AL;27;03700;Jaramataia;5558;5727;4985
AL;27;03759;Jequiá da Praia;12029;11724;9470
AL;27;03809;Joaquim Gomes;22575;22575;17150
AL;27;03908;Jundiá;4202;4237;4092
AL;27;04005;Junqueiro;23836;24192;23907
AL;27;04104;Lagoa da Canoa;18250;18219;18457
AL;27;04203;Limoeiro de Anadia;26992;26636;24740
AL;27;04302;Maceió;932748;932642;957916
AL;27;04401;Major Isidoro;18897;18753;17700
AL;27;04500;Maragogi;28749;28749;32174
AL;27;04609;Maravilha;10284;10490;9534
AL;27;04708;Marechal Deodoro;45977;46018;60370
AL;27;04807;Maribondo;13619;13648;13679
AL;27;04906;Mar Vermelho;3652;3623;3155
AL;27;05002;Mata Grande;24698;24719;21844
AL;27;05101;Matriz de Camaragibe;23785;24137;23857
AL;27;05200;Messias;15682;15733;15405
AL;27;05309;Minador do Negrão;5275;5275;4845
AL;27;05408;Monteirópolis;6935;6934;7184
AL;27;05507;Murici;26710;26627;25187
AL;27;05606;Novo Lino;12060;11673;10020
AL;27;05705;Olho d'Água das Flores;20364;20617;20695
AL;27;05804;Olho d'Água do Casado;8491;8491;8349
AL;27;05903;Olho d'Água Grande;4957;4950;4330
AL;27;06000;Olivença;11047;11029;10812
AL;27;06109;Ouro Branco;10912;10848;11446
AL;27;06208;Palestina;5112;4646;4325
AL;27;06307;Palmeira dos Índios;70368;70341;71574
AL;27;06406;Pão de Açúcar;23811;24277;23823
AL;27;06422;Pariconha;10264;10227;10573
AL;27;06448;Paripueira;11347;11347;13835
AL;27;06505;Passo de Camaragibe;14763;14763;13804
AL;27;06604;Paulo Jacinto;7426;7426;6576
AL;27;06703;Penedo;60378;60596;58650
AL;27;06802;Piaçabuçu;17203;17203;15908
AL;27;06901;Pilar;33305;33305;35370
AL;27;07008;Pindoba;2866;2866;2731
AL;27;07107;Piranhas;23045;23045;22609
AL;27;07206;Poço das Trincheiras;13872;13748;12518
AL;27;07305;Porto Calvo;25708;25708;24071
AL;27;07404;Porto de Pedras;8429;8429;9295
AL;27;07503;Porto Real do Colégio;19334;19141;20082
AL;27;07602;Quebrangulo;11480;11480;11080
AL;27;07701;Rio Largo;68481;70685;93927
AL;27;07800;Roteiro;6656;6656;6474
AL;27;07909;Santa Luzia do Norte;6891;6891;6919
AL;27;08006;Santana do Ipanema;44932;44867;46220
AL;27;08105;Santana do Mundaú;10961;10997;11323
AL;27;08204;São Brás;6718;6718;6555
AL;27;08303;São José da Laje;22686;22686;20813
AL;27;08402;São José da Tapera;30088;30009;30604
AL;27;08501;São Luís do Quitunde;32412;32412;30873
AL;27;08600;São Miguel dos Campos;54577;54502;51990
AL;27;08709;São Miguel dos Milagres;7163;7163;8482
AL;27;08808;São Sebastião;32010;32010;31786
AL;27;08907;Satuba;14603;12443;24278
AL;27;08956;Senador Rui Palmeira;13047;12974;12303
AL;27;09004;Tanque d'Arca;6122;6249;5796
AL;27;09103;Taquarana;19020;18615;19032
AL;27;09152;Teotônio Vilela;41152;41152;38053
AL;27;09202;Traipu;25702;25992;23565
AL;27;09301;União dos Palmares;62358;62326;59280
AL;27;09400;Viçosa;25407;25514;24092
SE;28;00100;Amparo do São Francisco;2275;2275;2170
SE;28;00209;Aquidabã;20056;20056;20131
SE;28;00308;Aracaju;571149;571149;602757
SE;28;00407;Arauá;10878;10878;10318
SE;28;00506;Areia Branca;16857;16857;18081
SE;28;00605;Barra dos Coqueiros;24976;24976;41511
SE;28;00670;Boquim;25533;25533;24636
SE;28;00704;Brejo Grande;7742;7742;7841
SE;28;01009;Campo do Brito;16749;16749;18149
SE;28;01108;Canhoba;3956;3956;3791
SE;28;01207;Canindé de São Francisco;24686;24654;26834
SE;28;01306;Capela;30761;30761;31645
SE;28;01405;Carira;20007;20199;19939
SE;28;01504;Carmópolis;13503;13503;13853
SE;28;01603;Cedro de São João;5633;5633;5391
SE;28;01702;Cristinápolis;16519;16087;17100
SE;28;01900;Cumbe;3813;3813;3824
SE;28;02007;Divina Pastora;4326;4326;4340
SE;28;02106;Estância;64409;64409;65078
SE;28;02205;Feira Nova;5324;5324;5975
SE;28;02304;Frei Paulo;13874;13874;14530
SE;28;02403;Gararu;11405;11405;11096
SE;28;02502;General Maynard;2929;2929;3037
SE;28;02601;Gracho Cardoso;5645;5645;5834
SE;28;02700;Ilha das Flores;8348;8348;8321
SE;28;02809;Indiaroba;15831;15831;16549
SE;28;02908;Itabaiana;86967;86967;103440
SE;28;03005;Itabaianinha;38910;38910;40678
SE;28;03104;Itabi;4972;4972;4745
SE;28;03203;Itaporanga d'Ajuda;30419;30419;34411
SE;28;03302;Japaratuba;16864;16864;16209
SE;28;03401;Japoatã;12938;13236;13407
SE;28;03500;Lagarto;94861;94861;101579
SE;28;03609;Laranjeiras;26902;26902;23975
SE;28;03708;Macambira;6401;6401;6838
SE;28;03807;Malhada dos Bois;3456;3456;3579
SE;28;03906;Malhador;12042;12042;11533
SE;28;04003;Maruim;16343;16343;15719
SE;28;04102;Moita Bonita;11001;11001;11050
SE;28;04201;Monte Alegre de Sergipe;13627;13415;14336
SE;28;04300;Muribeca;7344;7344;7822
SE;28;04409;Neópolis;18506;18506;16426
SE;28;04458;Nossa Senhora Aparecida;8508;8508;9232
SE;28;04508;Nossa Senhora da Glória;32497;32497;41212
SE;28;04607;Nossa Senhora das Dores;24580;24580;24996
SE;28;04706;Nossa Senhora de Lourdes;6238;6238;6268
SE;28;04805;Nossa Senhora do Socorro;160827;160827;192330
SE;28;04904;Pacatuba;13137;13105;12502
SE;28;05000;Pedra Mole;2974;2974;2778
SE;28;05109;Pedrinhas;8833;8833;7396
SE;28;05208;Pinhão;5973;5973;5677
SE;28;05307;Pirambu;8369;8369;7913
SE;28;05406;Poço Redondo;30880;30888;33439
SE;28;05505;Poço Verde;21983;21983;21794
SE;28;05604;Porto da Folha;27146;27146;26576
SE;28;05703;Propriá;28451;28451;26618
SE;28;05802;Riachão do Dantas;19386;19386;18313
SE;28;05901;Riachuelo;9355;9355;8748
SE;28;06008;Ribeirópolis;17173;17173;17033
SE;28;06107;Rosário do Catete;9221;9221;9295
SE;28;06206;Salgado;19365;19365;20279
SE;28;06305;Santa Luzia do Itanhy;12969;12969;13616
SE;28;06404;Santana do São Francisco;7038;7038;7346
SE;28;06503;Santa Rosa de Lima;3749;3749;3937
SE;28;06602;Santo Amaro das Brotas;11410;11410;11092
SE;28;06701;São Cristóvão;78864;78864;95612
SE;28;06800;São Domingos;10271;10271;10327
SE;28;06909;São Francisco;3393;3127;3243
SE;28;07006;São Miguel do Aleixo;3698;3698;3434
SE;28;07105;Simão Dias;38702;38581;42578
SE;28;07204;Siriri;8004;8004;7834
SE;28;07303;Telha;2957;2957;3274
SE;28;07402;Tobias Barreto;48040;48040;50905
SE;28;07501;Tomar do Geru;12855;13287;12012
SE;28;07600;Umbaúba;22434;22434;23917
BA;29;00108;Abaíra;8316;8841;7301
BA;29;00207;Abaré;17064;17155;17639
BA;29;00306;Acajutiba;14653;14577;13795
BA;29;00355;Adustina;15702;15861;14201
BA;29;00405;Água Fria;15731;15997;14497
BA;29;00504;Érico Cardoso;10859;10882;10604
BA;29;00603;Aiquara;4602;4648;4447
BA;29;00702;Alagoinhas;141949;141463;151055
BA;29;00801;Alcobaça;21271;21823;24530
BA;29;00900;Almadina;6357;6304;5218
BA;29;01007;Amargosa;34351;34557;36521
BA;29;01106;Amélia Rodrigues;25190;25125;24138
BA;29;01155;América Dourada;15961;15810;15137
BA;29;01205;Anagé;25516;25423;25438
BA;29;01304;Andaraí;13960;12983;13080
BA;29;01353;Andorinha;14414;15190;15012
BA;29;01403;Angical;14073;14073;13732
BA;29;01502;Anguera;10242;10259;11031
BA;29;01601;Antas;17072;17072;14206
BA;29;01700;Antônio Cardoso;11554;11521;11146
BA;29;01809;Antônio Gonçalves;11015;10785;10862
BA;29;01908;Aporá;17731;16838;15922
BA;29;01957;Apuarema;7459;7463;6913
BA;29;02005;Aracatu;13743;13743;13936
BA;29;02054;Araçás;11561;11625;11557
BA;29;02104;Araci;51651;50689;48294
BA;29;02203;Aramari;10036;10561;9833
BA;29;02252;Arataca;10392;11361;10191
BA;29;02302;Aratuípe;8599;8536;8677
BA;29;02401;Aurelino Leal;13595;13552;11179
BA;29;02500;Baianópolis;13850;13100;13614
BA;29;02609;Baixa Grande;20060;20240;18220
BA;29;02658;Banzaê;11814;12854;11958
BA;29;02708;Barra;49325;49291;51092
BA;29;02807;Barra da Estiva;21187;22173;26026
BA;29;02906;Barra do Choça;34788;34817;36539
BA;29;03003;Barra do Mendes;13987;13233;13836
BA;29;03102;Barra do Rocha;6313;6591;5775
BA;29;03201;Barreiras;137427;137427;159734
BA;29;03235;Barro Alto;13612;13444;13453
BA;29;03276;Barrocas;14191;14429;15203
BA;29;03300;Barro Preto;6453;6873;5833
BA;29;03409;Belmonte;21798;21804;20121
BA;29;03508;Belo Campo;16021;17851;18412
BA;29;03607;Biritinga;14836;15612;15146
BA;29;03706;Boa Nova;15411;15341;13690
BA;29;03805;Boa Vista do Tupim;17991;18630;16873
BA;29;03904;Bom Jesus da Lapa;63480;62771;65550
BA;29;03953;Bom Jesus da Serra;10113;10249;9730
BA;29;04001;Boninal;13695;13330;13622
BA;29;04050;Bonito;14834;15254;15844
BA;29;04100;Boquira;22037;21184;19322
BA;29;04209;Botuporã;11154;10824;11024
BA;29;04308;Brejões;14282;14711;12943
BA;29;04407;Brejolândia;11077;9757;9108
BA;29;04506;Brotas de Macaúbas;10717;11705;11765
BA;29;04605;Brumado;64602;64493;70510
BA;29;04704;Buerarema;18605;18377;14804
BA;29;04753;Buritirama;19600;19753;19589
BA;29;04803;Caatiba;11420;9252;6205
BA;29;04852;Cabaceiras do Paraguaçu;17327;17420;16559
BA;29;04902;Cachoeira;32026;31865;29250
BA;29;05008;Caculé;22236;21541;22462
BA;29;05107;Caém;10368;10522;10384
BA;29;05156;Caetanos;13639;13615;11266
BA;29;05206;Caetité;47515;48913;52012
BA;29;05305;Cafarnaum;17209;17324;17466
BA;29;05404;Cairu;15374;15374;17761
BA;29;05503;Caldeirão Grande;12491;12438;13080
BA;29;05602;Camacan;31472;31173;22579
BA;29;05701;Camaçari;242970;242970;300372
BA;29;05800;Camamu;35180;33972;30469
BA;29;05909;Campo Alegre de Lourdes;28090;28021;30671
BA;29;06006;Campo Formoso;66616;67059;71377
BA;29;06105;Canápolis;9410;9597;10225
BA;29;06204;Canarana;24067;24195;24206
BA;29;06303;Canavieiras;32336;32357;32683
BA;29;06402;Candeal;8895;8837;7772
BA;29;06501;Candeias;83158;81634;72382
BA;29;06600;Candiba;13210;13557;13016
BA;29;06709;Cândido Sales;27918;26015;25247
BA;29;06808;Cansanção;32908;33668;37439
BA;29;06824;Canudos;15732;15522;16105
BA;29;06857;Capela do Alto Alegre;11527;11609;10744
BA;29;06873;Capim Grosso;26577;28093;33235
BA;29;06899;Caraíbas;10222;10222;9940
BA;29;06907;Caravelas;21414;20833;20580
BA;29;07004;Cardeal da Silva;8899;8609;8365
BA;29;07103;Carinhanha;28380;27948;28869
BA;29;07202;Casa Nova;64940;64940;72086
BA;29;07301;Castro Alves;25408;25222;24712
BA;29;07400;Catolândia;2612;3297;3434
BA;29;07509;Catu;51077;51028;48148
BA;29;07558;Caturama;8843;9260;8841
BA;29;07608;Central;17013;16789;16348
BA;29;07707;Chorrochó;10734;10734;10579
BA;29;07806;Cícero Dantas;32300;31266;30907
BA;29;07905;Cipó;15755;16449;17230
BA;29;08002;Coaraci;20964;20964;17333
BA;29;08101;Cocos;18153;18111;19151
BA;29;08200;Conceição da Feira;20391;20375;20800
BA;29;08309;Conceição do Almeida;17889;17698;15794
BA;29;08408;Conceição do Coité;62040;61378;67825
BA;29;08507;Conceição do Jacuípe;30123;30112;35308
BA;29;08606;Conde;23620;23403;23654
BA;29;08705;Condeúba;16898;17571;17053
BA;29;08804;Contendas do Sincorá;4663;4181;4333
BA;29;08903;Coração de Maria;22401;23213;26692
BA;29;09000;Cordeiros;8168;8174;7546
BA;29;09109;Coribe;14307;14339;13990
BA;29;09208;Coronel João Sá;17066;17293;17056
BA;29;09307;Correntina;31249;30970;32457
BA;29;09406;Cotegipe;13636;13636;13063
BA;29;09505;Cravolândia;5041;5233;4415
BA;29;09604;Crisópolis;20046;20099;19729
BA;29;09703;Cristópolis;13280;13280;13993
BA;29;09802;Cruz das Almas;58606;58562;60348
BA;29;09901;Curaçá;32168;32191;34180
BA;29;10008;Dário Meira;12836;12309;10820
BA;29;10057;Dias d'Ávila;66440;66440;71485
BA;29;10107;Dom Basílio;11355;11553;11884
BA;29;10206;Dom Macedo Costa;3874;3907;4407
BA;29;10305;Elísio Medrado;7947;7926;7808
BA;29;10404;Encruzilhada;23766;22108;19107
BA;29;10503;Entre Rios;39872;39776;38098
BA;29;10602;Esplanada;32802;33191;32554
BA;29;10701;Euclides da Cunha;56289;56739;61456
BA;29;10727;Eunápolis;100196;101255;113710
BA;29;10750;Fátima;17652;17976;17895
BA;29;10776;Feira da Mata;6184;5595;5631
BA;29;10800;Feira de Santana;556642;556588;616272
BA;29;10859;Filadélfia;16740;16364;17897
BA;29;10909;Firmino Alves;5384;5384;4873
BA;29;11006;Floresta Azul;10660;10941;11059
BA;29;11105;Formosa do Rio Preto;22528;22490;25899
BA;29;11204;Gandu;30336;29887;32178
BA;29;11253;Gavião;4561;4600;4360
BA;29;11303;Gentio do Ouro;10622;10755;10884
BA;29;11402;Glória;15076;14795;15524
BA;29;11501;Gongogi;8357;8360;5555
BA;29;11600;Governador Mangabeira;19818;19916;20605
BA;29;11659;Guajeru;10412;9614;8050
BA;29;11709;Guanambi;78833;78452;87817
BA;29;11808;Guaratinga;22165;21808;19049
BA;29;11857;Heliópolis;13192;13192;12309
BA;29;11907;Iaçu;25736;25595;24607
BA;29;12004;Ibiassucê;10062;10908;10429
BA;29;12103;Ibicaraí;24272;24272;21665
BA;29;12202;Ibicoara;17282;17099;20785
BA;29;12301;Ibicuí;15785;15552;13934
BA;29;12400;Ibipeba;17008;16798;16603
BA;29;12509;Ibipitanga;14171;14171;13863
BA;29;12608;Ibiquera;4866;3949;3725
BA;29;12707;Ibirapitanga;22598;22618;25344
BA;29;12806;Ibirapuã;7956;7948;8896
BA;29;12905;Ibirataia;18943;19168;18792
BA;29;13002;Ibitiara;15508;15392;14637
BA;29;13101;Ibititá;17840;17103;16969
BA;29;13200;Ibotirama;25424;25645;26309
BA;29;13309;Ichu;5255;5957;6190
BA;29;13408;Igaporã;15205;15229;15527
BA;29;13457;Igrapiúna;13343;14270;13151
BA;29;13507;Iguaí;25705;25928;21491
BA;29;13606;Ilhéus;184236;182438;178649
BA;29;13705;Inhambupe;36306;35176;33790
BA;29;13804;Ipecaetá;15331;15487;13709
BA;29;13903;Ipiaú;44390;44485;40706
BA;29;14000;Ipirá;59343;59970;56876
BA;29;14109;Ipupiara;9285;9229;9935
BA;29;14208;Irajuba;7002;6946;6101
BA;29;14307;Iramaia;11990;11675;10752
BA;29;14406;Iraquara;22601;22170;23879
BA;29;14505;Irará;27466;27112;28043
BA;29;14604;Irecê;66181;66117;74507
BA;29;14653;Itabela;28390;28391;28165
BA;29;14703;Itaberaba;61631;61681;65073
BA;29;14802;Itabuna;204667;204478;186708
BA;29;14901;Itacaré;24318;23971;27704
BA;29;15007;Itaeté;14924;15200;13472
BA;29;15106;Itagi;13051;13152;13803
BA;29;15205;Itagibá;15193;15523;15310
BA;29;15304;Itagimirim;7110;7154;6347
BA;29;15353;Itaguaçu da Bahia;13209;13041;12311
BA;29;15403;Itaju do Colônia;7309;7376;6037
BA;29;15502;Itajuípe;21081;20981;18781
BA;29;15601;Itamaraju;63069;63513;59605
BA;29;15700;Itamari;7903;8190;7051
BA;29;15809;Itambé;23089;25450;24394
BA;29;15908;Itanagra;7598;6352;5914
BA;29;16005;Itanhém;20216;19884;17813
BA;29;16104;Itaparica;20725;20725;19789
BA;29;16203;Itapé;10995;10883;10341
BA;29;16302;Itapebi;10495;10482;9174
BA;29;16401;Itapetinga;68273;68343;65897
BA;29;16500;Itapicuru;32261;31891;31679
BA;29;16609;Itapitanga;10207;10250;10279
BA;29;16708;Itaquara;7678;7871;8153
BA;29;16807;Itarantim;18539;18412;17052
BA;29;16856;Itatim;14522;13691;15737
BA;29;16906;Itiruçu;12693;12785;10999
BA;29;17003;Itiúba;36113;35121;33872
BA;29;17102;Itororó;19914;19914;16617
BA;29;17201;Ituaçu;18127;17915;17914
BA;29;17300;Ituberá;26591;26691;21902
BA;29;17334;Iuiu;10900;10553;11118
BA;29;17359;Jaborandi;8973;9252;9275
BA;29;17409;Jacaraci;13651;14473;14436
BA;29;17508;Jacobina;79247;77758;82590
BA;29;17607;Jaguaquara;51011;50907;45964
BA;29;17706;Jaguarari;30343;31184;32703
BA;29;17805;Jaguaripe;16467;16552;17659
BA;29;17904;Jandaíra;10331;10331;9285
BA;29;18001;Jequié;151895;151301;158813
BA;29;18100;Jeremoabo;37680;37814;37626
BA;29;18209;Jiquiriçá;14118;14055;13629
BA;29;18308;Jitaúna;14115;14413;14355
BA;29;18357;João Dourado;22549;22609;24854
BA;29;18407;Juazeiro;197965;198241;237821
BA;29;18456;Jucuruçu;10290;10290;9655
BA;29;18506;Jussara;15052;15194;16354
BA;29;18555;Jussari;6474;6353;5888
BA;29;18605;Jussiape;8031;8099;7379
BA;29;18704;Lafaiete Coutinho;3901;3950;4075
BA;29;18753;Lagoa Real;13934;14326;14105
BA;29;18803;Laje;22201;21505;21052
BA;29;18902;Lajedão;3733;3685;3845
BA;29;19009;Lajedinho;3936;3943;3527
BA;29;19058;Lajedo do Tabocal;8305;8244;7494
BA;29;19108;Lamarão;9560;9281;9015
BA;29;19157;Lapão;25646;26178;25736
BA;29;19207;Lauro de Freitas;163449;163449;203331
BA;29;19306;Lençóis;10368;10302;10774
BA;29;19405;Licínio de Almeida;12311;12297;11834
BA;29;19504;Livramento de Nossa Senhora;42693;41625;43903
BA;29;19553;Luís Eduardo Magalhães;60105;60105;107909
BA;29;19603;Macajuba;11229;11268;10454
BA;29;19702;Macarani;17093;16880;21599
BA;29;19801;Macaúbas;47051;45569;41859
BA;29;19900;Macururé;8073;8021;7256
BA;29;19926;Madre de Deus;17376;17376;18504
BA;29;19959;Maetinga;7038;6953;6973
BA;29;20007;Maiquinique;8782;9004;8731
BA;29;20106;Mairi;19326;19015;17674
BA;29;20205;Malhada;16014;16361;15398
BA;29;20304;Malhada de Pedras;8468;8563;8670
BA;29;20403;Manoel Vitorino;14387;14445;13860
BA;29;20452;Mansidão;12592;12476;13919
BA;29;20502;Maracás;24613;24701;27620
BA;29;20601;Maragogipe;42815;42661;35859
BA;29;20700;Maraú;19101;19689;24527
BA;29;20809;Marcionílio Souza;10500;10451;9267
BA;29;20908;Mascote;14640;14562;13544
BA;29;21005;Mata de São João;40183;40375;42566
BA;29;21054;Matina;11145;11171;10330
BA;29;21104;Medeiros Neto;21560;21971;22194
BA;29;21203;Miguel Calmon;26475;26761;24661
BA;29;21302;Milagres;10306;11283;11071
BA;29;21401;Mirangaba;16279;16649;15734
BA;29;21450;Mirante;10507;10349;10187
BA;29;21500;Monte Santo;52338;49793;47780
BA;29;21609;Morpará;8280;8563;7996
BA;29;21708;Morro do Chapéu;35164;34441;33594
BA;29;21807;Mortugaba;12477;11696;11143
BA;29;21906;Mucugê;10545;10563;12137
BA;29;22003;Mucuri;36026;36026;37977
BA;29;22052;Mulungu do Morro;12249;12763;13152
BA;29;22102;Mundo Novo;24395;24368;17305
BA;29;22201;Muniz Ferreira;7317;7065;7190
BA;29;22250;Muquém do São Francisco;10272;10475;10443
BA;29;22300;Muritiba;28899;28705;28707
BA;29;22409;Mutuípe;21449;21184;20037
BA;29;22508;Nazaré;27274;27273;27060
BA;29;22607;Nilo Peçanha;12530;12935;12063
BA;29;22656;Nordestina;12371;12541;18523
BA;29;22706;Nova Canaã;16713;16036;13715
BA;29;22730;Nova Fátima;7602;7563;7967
BA;29;22755;Nova Ibiá;6648;6827;6501
BA;29;22805;Nova Itarana;7435;7554;7780
BA;29;22854;Nova Redenção;8034;8898;7538
BA;29;22904;Nova Soure;24136;25911;24236
BA;29;23001;Nova Viçosa;38556;38556;39509
BA;29;23035;Novo Horizonte;10673;10801;11162
BA;29;23050;Novo Triunfo;15051;15105;10660
BA;29;23100;Olindina;24943;26942;22633
BA;29;23209;Oliveira dos Brejinhos;21831;21524;20715
BA;29;23308;Ouriçangas;8298;8340;7716
BA;29;23357;Ourolândia;16425;16522;19243
BA;29;23407;Palmas de Monte Alto;20775;20872;20078
BA;29;23506;Palmeiras;8410;8316;10339
BA;29;23605;Paramirim;21001;20337;20351
BA;29;23704;Paratinga;29504;29998;29252
BA;29;23803;Paripiranga;27778;27740;26604
BA;29;23902;Pau Brasil;10852;11028;9370
BA;29;24009;Paulo Afonso;108396;108308;112870
BA;29;24058;Pé de Serra;13752;13523;13243
BA;29;24108;Pedrão;6876;6749;6235
BA;29;24207;Pedro Alexandre;16995;16186;13954
BA;29;24306;Piatã;17982;18133;20086
BA;29;24405;Pilão Arcado;32860;33118;35357
BA;29;24504;Pindaí;15628;15700;14731
BA;29;24603;Pindobaçu;20121;20257;19083
BA;29;24652;Pintadas;10342;10649;10325
BA;29;24678;Piraí do Norte;9799;9685;10974
BA;29;24702;Piripá;12783;12757;9152
BA;29;24801;Piritiba;22399;22237;17566
BA;29;24900;Planaltino;8822;8670;8022
BA;29;25006;Planalto;24481;24156;23334
BA;29;25105;Poções;44701;45855;48293
BA;29;25204;Pojuca;33066;34335;32136
BA;29;25253;Ponto Novo;15742;15529;17938
BA;29;25303;Porto Seguro;126929;126581;168326
BA;29;25402;Potiraguá;9810;10077;10274
BA;29;25501;Prado;27627;27413;35003
BA;29;25600;Presidente Dutra;13750;14643;15130
BA;29;25709;Presidente Jânio Quadros;13652;13635;12621
BA;29;25758;Presidente Tancredo Neves;23846;24409;27734
BA;29;25808;Queimadas;24602;24986;25988
BA;29;25907;Quijingue;27228;26575;25272
BA;29;25931;Quixabeira;9554;8962;9461
BA;29;25956;Rafael Jambeiro;22874;22062;19662
BA;29;26004;Remanso;38957;38615;40586
BA;29;26103;Retirolândia;12055;13159;13651
BA;29;26202;Riachão das Neves;21937;21937;21642
BA;29;26301;Riachão do Jacuípe;33172;32463;33386
BA;29;26400;Riacho de Santana;30646;33033;30711
BA;29;26509;Ribeira do Amparo;14276;14098;13841
BA;29;26608;Ribeira do Pombal;47518;51293;54010
BA;29;26657;Ribeirão do Largo;8602;10260;9740
BA;29;26707;Rio de Contas;13007;13278;13184
BA;29;26806;Rio do Antônio;14815;14312;13146
BA;29;26905;Rio do Pires;11918;11336;10497
BA;29;27002;Rio Real;37164;37539;35362
BA;29;27101;Rodelas;7775;8056;10308
BA;29;27200;Ruy Barbosa;29887;29768;28282
BA;29;27309;Salinas da Margarida;13456;13463;14987
BA;29;27408;Salvador;2675656;2675656;2417678
BA;29;27507;Santa Bárbara;19064;19479;20952
BA;29;27606;Santa Brígida;15060;15407;14965
BA;29;27705;Santa Cruz Cabrália;26264;25827;29185
BA;29;27804;Santa Cruz da Vitória;6673;6557;4681
BA;29;27903;Santa Inês;10363;10656;10300
BA;29;28000;Santaluz;33838;34833;37834
BA;29;28059;Santa Luzia;13344;13776;13896
BA;29;28109;Santa Maria da Vitória;40309;39743;38604
BA;29;28208;Santana;24750;25194;24755
BA;29;28307;Santanópolis;8776;8549;8716
BA;29;28406;Santa Rita de Cássia;26250;26404;27390
BA;29;28505;Santa Terezinha;9648;9629;10441
BA;29;28604;Santo Amaro;57800;58270;56012
BA;29;28703;Santo Antônio de Jesus;90985;91057;103055
BA;29;28802;Santo Estêvão;47880;47726;52276
BA;29;28901;São Desidério;27659;27976;32828
BA;29;28950;São Domingos;9226;8734;8426
BA;29;29008;São Félix;14098;14230;11026
BA;29;29057;São Félix do Coribe;13048;14326;15194
BA;29;29107;São Felipe;20305;20601;20283
BA;29;29206;São Francisco do Conde;33183;34707;38733
BA;29;29255;São Gabriel;18427;18456;18600
BA;29;29305;São Gonçalo dos Campos;33283;32990;39513
BA;29;29354;São José da Vitória;5715;6024;5315
BA;29;29370;São José do Jacuípe;10180;9830;10187
BA;29;29404;São Miguel das Matas;10414;11155;10334
BA;29;29503;São Sebastião do Passé;42153;42153;40958
BA;29;29602;Sapeaçu;16585;16943;17963
BA;29;29701;Sátiro Dias;18964;16646;16008
BA;29;29750;Saubara;11201;11201;11438
BA;29;29800;Saúde;11845;12373;10478
BA;29;29909;Seabra;41798;41821;46160
BA;29;30006;Sebastião Laranjeiras;10371;10444;9360
BA;29;30105;Senhor do Bonfim;74419;73466;74523
BA;29;30154;Serra do Ramalho;31638;31391;34222
BA;29;30204;Sento Sé;37425;36909;38154
BA;29;30303;Serra Dourada;18112;17656;17066
BA;29;30402;Serra Preta;15401;16304;17996
BA;29;30501;Serrinha;76762;75095;80435
BA;29;30600;Serrolândia;12344;12664;13335
BA;29;30709;Simões Filho;118047;118047;114559
BA;29;30758;Sítio do Mato;12050;12300;13408
BA;29;30766;Sítio do Quinto;12592;12553;14773
BA;29;30774;Sobradinho;22000;22310;25475
BA;29;30808;Souto Soares;15899;15952;17054
BA;29;30907;Tabocas do Brejo Velho;11431;12271;11979
BA;29;31004;Tanhaçu;20013;20105;21006
BA;29;31053;Tanque Novo;16128;16261;17158
BA;29;31103;Tanquinho;8008;7669;7717
BA;29;31202;Taperoá;18748;18928;18044
BA;29;31301;Tapiramutá;16516;17016;15818
BA;29;31350;Teixeira de Freitas;138341;138341;145216
BA;29;31400;Teodoro Sampaio;7895;7914;7110
BA;29;31509;Teofilândia;21482;21710;21176
BA;29;31608;Teolândia;14836;13881;15332
BA;29;31707;Terra Nova;12803;12851;10798
BA;29;31806;Tremedal;17029;18055;16296
BA;29;31905;Tucano;52418;48589;48736
BA;29;32002;Uauá;24294;24985;24665
BA;29;32101;Ubaíra;19750;19664;18626
BA;29;32200;Ubaitaba;20691;20711;17596
BA;29;32309;Ubatã;25004;24272;16094
BA;29;32408;Uibaí;13625;13578;13432
BA;29;32457;Umburanas;17000;17089;13642
BA;29;32507;Una;24110;23089;18131
BA;29;32606;Urandi;16466;16260;15355
BA;29;32705;Uruçuca;19837;21140;21420
BA;29;32804;Utinga;18173;18049;16277
BA;29;32903;Valença;88673;88100;85655
BA;29;33000;Valente;24560;24730;24362
BA;29;33059;Várzea da Roça;13786;13663;13800
BA;29;33109;Várzea do Poço;8661;8606;8101
BA;29;33158;Várzea Nova;13073;13141;13377
BA;29;33174;Varzedo;9109;9183;9913
BA;29;33208;Vera Cruz;37567;37567;42529
BA;29;33257;Vereda;6800;6576;6003
BA;29;33307;Vitória da Conquista;306866;306014;370879
BA;29;33406;Wagner;8983;9173;9503
BA;29;33455;Wanderley;12485;12558;12968
BA;29;33505;Wenceslau Guimarães;22189;21867;24474
BA;29;33604;Xique-Xique;45536;45164;44757
MG;31;00104;Abadia dos Dourados;6704;6704;6272
MG;31;00203;Abaeté;22690;22690;22675
MG;31;00302;Abre Campo;13311;13311;13927
MG;31;00401;Acaiaca;3920;3920;3909
MG;31;00500;Açucena;10276;10276;8943
MG;31;00609;Água Boa;15195;15521;12589
MG;31;00708;Água Comprida;2025;2025;2108
MG;31;00807;Aguanil;4054;4054;4357
MG;31;00906;Águas Formosas;18479;18479;18448
MG;31;01003;Águas Vermelhas;12722;12722;14037
MG;31;01102;Aimorés;24959;24959;25269
MG;31;01201;Aiuruoca;6162;6162;6233
MG;31;01300;Alagoa;2709;2709;2749
MG;31;01409;Albertina;2913;2913;2952
MG;31;01508;Além Paraíba;34349;34349;30717
MG;31;01607;Alfenas;73774;73774;78970
MG;31;01631;Alfredo Vasconcelos;6075;6075;6931
MG;31;01706;Almenara;38775;38775;40364
MG;31;01805;Alpercata;7172;7172;6903
MG;31;01904;Alpinópolis;18488;18488;18300
MG;31;02001;Alterosa;13717;13717;13915
MG;31;02050;Alto Caparaó;5297;5297;5795
MG;31;02100;Alto Rio Doce;12159;12159;10891
MG;31;02209;Alvarenga;4444;4444;3975
MG;31;02308;Alvinópolis;15261;15261;15059
MG;31;02407;Alvorada de Minas;3546;3546;4159
MG;31;02506;Amparo do Serra;5053;4972;4541
MG;31;02605;Andradas;37270;37270;40553
MG;31;02704;Cachoeira de Pajeú;8959;8959;9110
MG;31;02803;Andrelândia;12173;12173;11927
MG;31;02852;Angelândia;8003;8003;7718
MG;31;02902;Antônio Carlos;11114;11114;11095
MG;31;03009;Antônio Dias;9565;9565;9219
MG;31;03108;Antônio Prado de Minas;1671;1671;1538
MG;31;03207;Araçaí;2243;2243;2181
MG;31;03306;Aracitaba;2058;2058;2049
MG;31;03405;Araçuaí;36013;36013;34297
MG;31;03504;Araguari;109801;109801;117808
MG;31;03603;Arantina;2823;2823;2915
MG;31;03702;Araponga;8152;8152;8048
MG;31;03751;Araporã;6144;6144;8479
MG;31;03801;Arapuá;2775;2775;2631
MG;31;03900;Araújos;7883;7883;9199
MG;31;04007;Araxá;93672;93672;111691
MG;31;04106;Arceburgo;9509;9509;9177
MG;31;04205;Arcos;36597;36597;41416
MG;31;04304;Areado;13731;13731;13881
MG;31;04403;Argirita;2901;2901;2688
MG;31;04452;Aricanduva;4770;4770;4719
MG;31;04502;Arinos;17674;17674;17272
MG;31;04601;Astolfo Dutra;13049;13049;14138
MG;31;04700;Ataléia;14455;14455;13736
MG;31;04809;Augusto de Lima;4960;4960;4538
MG;31;04908;Baependi;18307;18307;18366
MG;31;05004;Baldim;7913;7913;7492
MG;31;05103;Bambuí;22734;22734;23546
MG;31;05202;Bandeira;4987;4987;4741
MG;31;05301;Bandeira do Sul;5338;5338;5943
MG;31;05400;Barão de Cocais;28442;28241;30778
MG;31;05509;Barão de Monte Alto;5720;5720;4964
MG;31;05608;Barbacena;126284;126284;125317
MG;31;05707;Barra Longa;6143;6143;5666
MG;31;05905;Barroso;19599;19599;20080
MG;31;06002;Bela Vista de Minas;10004;10004;10167
MG;31;06101;Belmiro Braga;3403;3403;3244
MG;31;06200;Belo Horizonte;2375151;2375609;2315560
MG;31;06309;Belo Oriente;23397;23397;23928
MG;31;06408;Belo Vale;7536;7536;8627
MG;31;06507;Berilo;12300;12300;9826
MG;31;06606;Bertópolis;4498;4498;4451
MG;31;06655;Berizal;4370;4370;4201
MG;31;06705;Betim;378089;379138;411846
MG;31;06804;Bias Fortes;3793;3793;3361
MG;31;06903;Bicas;13653;13653;13978
MG;31;07000;Biquinhas;2630;2630;2383
MG;31;07109;Boa Esperança;38516;38516;39848
MG;31;07208;Bocaina de Minas;5007;5007;5348
MG;31;07307;Bocaiúva;46654;46421;48032
MG;31;07406;Bom Despacho;45624;45624;51737
MG;31;07505;Bom Jardim de Minas;6501;6501;6783
MG;31;07604;Bom Jesus da Penha;3887;3887;4474
MG;31;07703;Bom Jesus do Amparo;5491;5491;5631
MG;31;07802;Bom Jesus do Galho;15364;15364;14536
MG;31;07901;Bom Repouso;10457;10457;12649
MG;31;08008;Bom Sucesso;17243;17243;17151
MG;31;08107;Bonfim;6818;6818;7434
MG;31;08206;Bonfinópolis de Minas;5865;5865;5528
MG;31;08255;Bonito de Minas;9673;9703;10204
MG;31;08305;Borda da Mata;17118;17118;17404
MG;31;08404;Botelhos;14920;14920;14828
MG;31;08503;Botumirim;6497;6497;5790
MG;31;08552;Brasilândia de Minas;14226;14226;15020
MG;31;08602;Brasília de Minas;31213;31213;32025
MG;31;08701;Brás Pires;4637;4637;4260
MG;31;08800;Braúnas;5030;5030;4441
MG;31;08909;Brazópolis;14661;14661;14246
MG;31;09006;Brumadinho;33973;33973;38915
MG;31;09105;Bueno Brandão;10892;10892;10911
MG;31;09204;Buenópolis;10292;10292;9150
MG;31;09253;Bugre;3992;3900;4041
MG;31;09303;Buritis;22737;22737;24030
MG;31;09402;Buritizeiro;26922;26922;23910
MG;31;09451;Cabeceira Grande;6453;6453;6627
MG;31;09501;Cabo Verde;13823;13823;11410
MG;31;09600;Cachoeira da Prata;3654;3654;3693
MG;31;09709;Cachoeira de Minas;11034;11034;11883
MG;31;09808;Cachoeira Dourada;2505;2505;2315
MG;31;09907;Caetanópolis;10218;10218;11435
MG;31;10004;Caeté;40750;40750;38776
MG;31;10103;Caiana;4968;4968;5304
MG;31;10202;Cajuri;4047;4047;4088
MG;31;10301;Caldas;13633;13633;14217
MG;31;10400;Camacho;3154;3154;2838
MG;31;10509;Camanducaia;21080;21080;26097
MG;31;10608;Cambuí;26488;26488;29536
MG;31;10707;Cambuquira;12602;12602;12313
MG;31;10806;Campanário;3564;3564;2923
MG;31;10905;Campanha;15433;15433;15935
MG;31;11002;Campestre;20686;20686;20696
MG;31;11101;Campina Verde;19324;19324;18011
MG;31;11150;Campo Azul;3684;3684;3714
MG;31;11200;Campo Belo;51544;51544;52277
MG;31;11309;Campo do Meio;11476;11476;11377
MG;31;11408;Campo Florido;6870;6870;8466
MG;31;11507;Campos Altos;14206;14206;12979
MG;31;11606;Campos Gerais;27600;27600;26105
MG;31;11705;Canaã;4628;4628;4715
MG;31;11804;Canápolis;11365;11436;10608
MG;31;11903;Cana Verde;5589;5589;5272
MG;31;12000;Candeias;14595;14595;14001
MG;31;12059;Cantagalo;4195;4195;3974
MG;31;12109;Caparaó;5209;5209;5048
MG;31;12208;Capela Nova;4755;4755;4362
MG;31;12307;Capelinha;34803;34477;39626
MG;31;12406;Capetinga;7089;7089;6562
MG;31;12505;Capim Branco;8881;8881;10663
MG;31;12604;Capinópolis;15290;15290;14655
MG;31;12653;Capitão Andrade;4925;4925;4585
MG;31;12703;Capitão Enéas;14206;14206;14108
MG;31;12802;Capitólio;8183;8183;10380
MG;31;12901;Caputira;9030;9030;8936
MG;31;13008;Caraí;22343;22343;19548
MG;31;13107;Caranaíba;3288;3288;2933
MG;31;13206;Carandaí;23346;23427;23812
MG;31;13305;Carangola;32296;32296;31240
MG;31;13404;Caratinga;85239;85207;87360
MG;31;13503;Carbonita;9148;9148;8512
MG;31;13602;Careaçu;6298;6298;6816
MG;31;13701;Carlos Chagas;20069;20069;18615
MG;31;13800;Carmésia;2446;2446;2605
MG;31;13909;Carmo da Cachoeira;11836;11836;11547
MG;31;14006;Carmo da Mata;10927;10927;11019
MG;31;14105;Carmo de Minas;13750;13750;13797
MG;31;14204;Carmo do Cajuru;20012;20012;23479
MG;31;14303;Carmo do Paranaíba;29735;29735;29011
MG;31;14402;Carmo do Rio Claro;20426;20426;20954
MG;31;14501;Carmópolis de Minas;17048;17048;18003
MG;31;14550;Carneirinho;9471;9471;9422
MG;31;14600;Carrancas;3948;3948;4049
MG;31;14709;Carvalhópolis;3341;3341;3341
MG;31;14808;Carvalhos;4556;4556;4422
MG;31;14907;Casa Grande;2244;2244;2214
MG;31;15003;Cascalho Rico;2857;2857;2712
MG;31;15102;Cássia;17412;17412;17155
MG;31;15201;Conceição da Barra de Minas;3954;3954;3560
MG;31;15300;Cataguases;69757;69757;66261
MG;31;15359;Catas Altas;4846;4846;5473
MG;31;15409;Catas Altas da Noruega;3462;3462;3110
MG;31;15458;Catuji;6708;6708;7030
MG;31;15474;Catuti;5102;5102;4739
MG;31;15508;Caxambu;21705;21705;21056
MG;31;15607;Cedro do Abaeté;1210;1210;1081
MG;31;15706;Central de Minas;6772;6772;6171
MG;31;15805;Centralina;10266;10195;10207
MG;31;15904;Chácara;2792;2792;3075
MG;31;16001;Chalé;5645;5645;6075
MG;31;16100;Chapada do Norte;15189;15189;10337
MG;31;16159;Chapada Gaúcha;10805;10805;12355
MG;31;16209;Chiador;2785;2785;2800
MG;31;16308;Cipotânea;6547;6547;5581
MG;31;16407;Claraval;4542;4542;4658
MG;31;16506;Claro dos Poções;7775;7775;7166
MG;31;16605;Cláudio;25771;25771;30159
MG;31;16704;Coimbra;7054;7054;7117
MG;31;16803;Coluna;9024;9024;8163
MG;31;16902;Comendador Gomes;2972;2972;2773
MG;31;17009;Comercinho;8298;8298;6660
MG;31;17108;Conceição da Aparecida;9820;9820;10371
MG;31;17207;Conceição das Pedras;2749;2749;2772
MG;31;17306;Conceição das Alagoas;23043;23043;28381
MG;31;17405;Conceição de Ipanema;4456;4456;4409
MG;31;17504;Conceição do Mato Dentro;17908;17905;23163
MG;31;17603;Conceição do Pará;5158;5158;5415
MG;31;17702;Conceição do Rio Verde;12949;12949;12541
MG;31;17801;Conceição dos Ouros;10388;10377;10880
MG;31;17836;Cônego Marinho;7101;7071;7237
MG;31;17876;Confins;5936;5936;7350
MG;31;17900;Congonhal;10468;10468;11083
MG;31;18007;Congonhas;48519;48519;52890
MG;31;18106;Congonhas do Norte;4943;4946;4831
MG;31;18205;Conquista;6526;6526;6694
MG;31;18304;Conselheiro Lafaiete;116512;116512;131621
MG;31;18403;Conselheiro Pena;22242;22242;20824
MG;31;18502;Consolação;1727;1738;1563
MG;31;18601;Contagem;603442;602986;621863
MG;31;18700;Coqueiral;9289;9289;9023
MG;31;18809;Coração de Jesus;26033;26033;25377
MG;31;18908;Cordisburgo;8667;8667;7547
MG;31;19005;Cordislândia;3435;3435;3200
MG;31;19104;Corinto;23914;23914;23532
MG;31;19203;Coroaci;10270;10270;10884
MG;31;19302;Coromandel;27547;27547;28894
MG;31;19401;Coronel Fabriciano;103694;103694;104736
MG;31;19500;Coronel Murta;9117;9117;8200
MG;31;19609;Coronel Pacheco;2983;2983;2762
MG;31;19708;Coronel Xavier Chaves;3301;3301;3486
MG;31;19807;Córrego Danta;3391;3391;2960
MG;31;19906;Córrego do Bom Jesus;3730;3730;4272
MG;31;19955;Córrego Fundo;5790;5790;6133
MG;31;20003;Córrego Novo;3127;3127;2875
MG;31;20102;Couto de Magalhães de Minas;4204;4204;4245
MG;31;20151;Crisólita;6047;6047;5265
MG;31;20201;Cristais;11286;11286;12197
MG;31;20300;Cristália;5760;5760;5121
MG;31;20409;Cristiano Otoni;5007;5007;4667
MG;31;20508;Cristina;10210;10210;10374
MG;31;20607;Crucilândia;4757;4757;5434
MG;31;20706;Cruzeiro da Fortaleza;3934;3438;3521
MG;31;20805;Cruzília;14591;14591;15362
MG;31;20839;Cuparaque;4680;4680;3983
MG;31;20870;Curral de Dentro;6913;6913;7406
MG;31;20904;Curvelo;74219;74004;80665
MG;31;21001;Datas;5211;5211;5465
MG;31;21100;Delfim Moreira;7971;7971;7952
MG;31;21209;Delfinópolis;6830;6830;8393
MG;31;21258;Delta;8089;8089;10494
MG;31;21308;Descoberto;4768;4768;4928
MG;31;21407;Desterro de Entre Rios;7002;7002;7653
MG;31;21506;Desterro do Melo;3015;3015;2994
MG;31;21605;Diamantina;45880;45880;47702
MG;31;21704;Diogo de Vasconcelos;3848;3848;3549
MG;31;21803;Dionísio;8739;8739;6847
MG;31;21902;Divinésia;3293;3293;4226
MG;31;22009;Divino;19133;19133;20706
MG;31;22108;Divino das Laranjeiras;4937;4937;4178
MG;31;22207;Divinolândia de Minas;7024;7024;6516
MG;31;22306;Divinópolis;213016;213016;231091
MG;31;22355;Divisa Alegre;5884;5884;6321
MG;31;22405;Divisa Nova;5763;5763;5851
MG;31;22454;Divisópolis;8974;8974;10213
MG;31;22470;Dom Bosco;3814;3814;3697
MG;31;22504;Dom Cavati;5209;5209;4904
MG;31;22603;Dom Joaquim;4535;4535;4899
MG;31;22702;Dom Silvério;5196;5196;5228
MG;31;22801;Dom Viçoso;2994;2994;3095
MG;31;22900;Dona Euzébia;6001;6001;6093
MG;31;23007;Dores de Campos;9299;9299;10007
MG;31;23106;Dores de Guanhães;5223;5223;5029
MG;31;23205;Dores do Indaiá;13778;13778;12630
MG;31;23304;Dores do Turvo;4462;4462;4987
MG;31;23403;Doresópolis;1440;1440;1461
MG;31;23502;Douradoquara;1841;1841;1829
MG;31;23528;Durandé;7423;7423;7817
MG;31;23601;Elói Mendes;25220;25220;26336
MG;31;23700;Engenheiro Caldas;10280;10280;13622
MG;31;23809;Engenheiro Navarro;7122;7122;6354
MG;31;23858;Entre Folhas;5175;5207;5179
MG;31;23908;Entre Rios de Minas;14242;14242;14746
MG;31;24005;Ervália;17946;17946;20255
MG;31;24104;Esmeraldas;60271;59696;85598
MG;31;24203;Espera Feliz;22856;22856;24102
MG;31;24302;Espinosa;31113;31113;30443
MG;31;24401;Espírito Santo do Dourado;4429;4429;6611
MG;31;24500;Estiva;10845;10845;11502
MG;31;24609;Estrela Dalva;2470;2470;2186
MG;31;24708;Estrela do Indaiá;3516;3516;2772
MG;31;24807;Estrela do Sul;7446;7446;6840
MG;31;24906;Eugenópolis;10540;10540;10801
MG;31;25002;Ewbank da Câmara;3753;3753;3875
MG;31;25101;Extrema;28599;28599;53482
MG;31;25200;Fama;2350;2350;2578
MG;31;25309;Faria Lemos;3376;3376;3188
MG;31;25408;Felício dos Santos;5142;5142;5133
MG;31;25507;São Gonçalo do Rio Preto;3056;3056;3032
MG;31;25606;Felisburgo;6877;6877;6489
MG;31;25705;Felixlândia;14121;14121;13978
MG;31;25804;Fernandes Tourinho;3030;3030;2789
MG;31;25903;Ferros;10837;10837;9590
MG;31;25952;Fervedouro;10349;10349;10445
MG;31;26000;Florestal;6600;6632;8045
MG;31;26109;Formiga;65128;65128;68248
MG;31;26208;Formoso;8177;8177;7949
MG;31;26307;Fortaleza de Minas;4098;4098;3477
MG;31;26406;Fortuna de Minas;2705;2705;3093
MG;31;26505;Francisco Badaró;10248;10248;7366
MG;31;26604;Francisco Dumont;4863;4863;4503
MG;31;26703;Francisco Sá;24912;24912;23476
MG;31;26752;Franciscópolis;5800;5800;5034
MG;31;26802;Frei Gaspar;5879;5879;5640
MG;31;26901;Frei Inocêncio;8920;8920;8226
MG;31;26950;Frei Lagonegro;3329;3329;3391
MG;31;27008;Fronteira;14041;14041;14540
MG;31;27057;Fronteira dos Vales;4687;4687;4345
MG;31;27073;Fruta de Leite;5940;5940;4647
MG;31;27107;Frutal;53468;53468;58588
MG;31;27206;Funilândia;3855;3855;4686
MG;31;27305;Galiléia;6951;6951;6222
MG;31;27339;Gameleiras;5139;5139;4793
MG;31;27354;Glaucilândia;2962;2962;2928
MG;31;27370;Goiabeira;3053;3053;2830
MG;31;27388;Goianá;3659;3659;4053
MG;31;27404;Gonçalves;4220;4220;4727
MG;31;27503;Gonzaga;5921;5921;5230
MG;31;27602;Gouveia;11681;11681;11331
MG;31;27701;Governador Valadares;263689;263689;257171
MG;31;27800;Grão Mogol;15024;15024;13901
MG;31;27909;Grupiara;1373;1373;1392
MG;31;28006;Guanhães;31262;31262;32244
MG;31;28105;Guapé;13872;13872;13772
MG;31;28204;Guaraciaba;10223;10223;9753
MG;31;28253;Guaraciama;4718;4718;5051
MG;31;28303;Guaranésia;18714;18714;19150
MG;31;28402;Guarani;8678;8678;7714
MG;31;28501;Guarará;3929;3929;3149
MG;31;28600;Guarda-Mor;6565;6565;6539
MG;31;28709;Guaxupé;49430;49430;50911
MG;31;28808;Guidoval;7206;7206;7131
MG;31;28907;Guimarânia;7265;7265;8478
MG;31;29004;Guiricema;8707;8707;7778
MG;31;29103;Gurinhatã;6137;6137;5192
MG;31;29202;Heliodora;6121;6121;6134
MG;31;29301;Iapu;10315;10407;12030
MG;31;29400;Ibertioga;5036;5036;5198
MG;31;29509;Ibiá;23218;23218;22229
MG;31;29608;Ibiaí;7839;7839;6286
MG;31;29657;Ibiracatu;6155;5594;5081
MG;31;29707;Ibiraci;12176;12176;10948
MG;31;29806;Ibirité;158954;158224;170537
MG;31;29905;Ibitiúra de Minas;3382;3382;3365
MG;31;30002;Ibituruna;2866;2866;2698
MG;31;30051;Icaraí de Minas;10746;10746;10677
MG;31;30101;Igarapé;34851;34851;45847
MG;31;30200;Igaratinga;9264;9264;10830
MG;31;30309;Iguatama;8029;8029;6826
MG;31;30408;Ijaci;5859;5859;7003
MG;31;30507;Ilicínea;11488;11488;12741
MG;31;30556;Imbé de Minas;6424;6424;6986
MG;31;30606;Inconfidentes;6908;6908;7301
MG;31;30655;Indaiabira;7330;7330;6346
MG;31;30705;Indianópolis;6190;6190;6171
MG;31;30804;Ingaí;2629;2629;2580
MG;31;30903;Inhapim;24294;24294;22692
MG;31;31000;Inhaúma;5760;5760;6239
MG;31;31109;Inimutaba;6724;6939;7371
MG;31;31158;Ipaba;16708;16708;17136
MG;31;31208;Ipanema;18170;18170;19522
MG;31;31307;Ipatinga;239468;239468;227731
MG;31;31406;Ipiaçu;4107;4107;3775
MG;31;31505;Ipuiúna;9521;9521;9135
MG;31;31604;Iraí de Minas;6467;6467;7180
MG;31;31703;Itabira;109783;109783;113343
MG;31;31802;Itabirinha;10692;10692;10362
MG;31;31901;Itabirito;45449;45452;53365
MG;31;32008;Itacambira;4988;4988;4252
MG;31;32107;Itacarambi;17720;17720;17208
MG;31;32206;Itaguara;12372;12372;13846
MG;31;32305;Itaipé;11798;11798;10463
MG;31;32404;Itajubá;90658;90658;93073
MG;31;32503;Itamarandiba;32175;32175;32948
MG;31;32602;Itamarati de Minas;4079;4079;3690
MG;31;32701;Itambacuri;22809;22809;21042
MG;31;32800;Itambé do Mato Dentro;2283;2283;2142
MG;31;32909;Itamogi;10349;10349;10770
MG;31;33006;Itamonte;14003;14003;14786
MG;31;33105;Itanhandu;14175;14175;15236
MG;31;33204;Itanhomi;11856;11856;11128
MG;31;33303;Itaobim;21001;21001;19151
MG;31;33402;Itapagipe;13656;13656;13690
MG;31;33501;Itapecerica;21377;21377;21046
MG;31;33600;Itapeva;8664;8664;12692
MG;31;33709;Itatiaiuçu;9928;9928;12966
MG;31;33758;Itaú de Minas;14945;14945;14406
MG;31;33808;Itaúna;85463;85463;97669
MG;31;33907;Itaverava;5799;5799;5642
MG;31;34004;Itinga;14407;14407;13745
MG;31;34103;Itueta;5830;5830;6055
MG;31;34202;Ituiutaba;97171;97171;102217
MG;31;34301;Itumirim;6139;6139;6638
MG;31;34400;Iturama;34456;34456;38295
MG;31;34509;Itutinga;3913;3913;4217
MG;31;34608;Jaboticatubas;17134;17134;20406
MG;31;34707;Jacinto;12134;12134;11042
MG;31;34806;Jacuí;7502;7502;7495
MG;31;34905;Jacutinga;22772;22772;25525
MG;31;35001;Jaguaraçu;2990;2990;3092
MG;31;35050;Jaíba;33587;33602;37660
MG;31;35076;Jampruca;5067;5067;4296
MG;31;35100;Janaúba;66803;66803;70699
MG;31;35209;Januária;65463;65463;65150
MG;31;35308;Japaraíba;3939;3939;4506
MG;31;35357;Japonvar;8298;7718;8127
MG;31;35407;Jeceaba;5395;5395;6197
MG;31;35456;Jenipapo de Minas;7116;7116;6100
MG;31;35506;Jequeri;12848;12848;12419
MG;31;35605;Jequitaí;8005;8005;6484
MG;31;35704;Jequitibá;5156;5156;5883
MG;31;35803;Jequitinhonha;24131;24131;24007
MG;31;35902;Jesuânia;4768;4768;5138
MG;31;36009;Joaíma;14941;14941;13888
MG;31;36108;Joanésia;5425;5425;4329
MG;31;36207;João Monlevade;73610;73610;80187
MG;31;36306;João Pinheiro;45260;43962;46801
MG;31;36405;Joaquim Felício;4305;4305;3854
MG;31;36504;Jordânia;10324;10324;10304
MG;31;36520;José Gonçalves de Minas;4553;4553;3969
MG;31;36553;José Raydan;4376;4376;4268
MG;31;36579;Josenópolis;4566;4566;3630
MG;31;36603;Nova União;5555;5555;5909
MG;31;36652;Juatuba;22202;22170;30716
MG;31;36702;Juiz de Fora;516247;516247;540756
MG;31;36801;Juramento;4113;4113;3768
MG;31;36900;Juruaia;9238;9238;11084
MG;31;36959;Juvenília;5708;5708;5789
MG;31;37007;Ladainha;16994;16994;14383
MG;31;37106;Lagamar;7600;7600;6631
MG;31;37205;Lagoa da Prata;45984;45984;51412
MG;31;37304;Lagoa dos Patos;4225;4225;3313
MG;31;37403;Lagoa Dourada;12256;12256;12769
MG;31;37502;Lagoa Formosa;17161;17161;18904
MG;31;37536;Lagoa Grande;8631;8631;8969
MG;31;37601;Lagoa Santa;52520;52520;75145
MG;31;37700;Lajinha;19609;19609;20835
MG;31;37809;Lambari;19554;19554;20414
MG;31;37908;Lamim;3452;3452;3184
MG;31;38005;Laranjal;6465;6465;5963
MG;31;38104;Lassance;6484;6484;7124
MG;31;38203;Lavras;92200;92200;104761
MG;31;38302;Leandro Ferreira;3205;3205;3199
MG;31;38351;Leme do Prado;4804;4804;4341
MG;31;38401;Leopoldina;51130;51130;51145
MG;31;38500;Liberdade;5346;5346;4737
MG;31;38609;Lima Duarte;16149;16149;17221
MG;31;38625;Limeira do Oeste;6890;6890;8687
MG;31;38658;Lontra;8397;8977;8790
MG;31;38674;Luisburgo;6234;6234;6956
MG;31;38682;Luislândia;6400;6400;6210
MG;31;38708;Luminárias;5422;5422;5586
MG;31;38807;Luz;17486;17486;17875
MG;31;38906;Machacalis;6976;6976;6487
MG;31;39003;Machado;38688;38688;37684
MG;31;39102;Madre de Deus de Minas;4904;4904;5191
MG;31;39201;Malacacheta;18776;18776;17516
MG;31;39250;Mamonas;6321;6321;5997
MG;31;39300;Manga;19813;19813;18886
MG;31;39409;Manhuaçu;79574;79574;91886
MG;31;39508;Manhumirim;21382;21382;20613
MG;31;39607;Mantena;27111;27111;26535
MG;31;39706;Maravilhas;7163;7163;7333
MG;31;39805;Mar de Espanha;11749;11749;12721
MG;31;39904;Maria da Fé;14216;14216;14247
MG;31;40001;Mariana;54219;54219;61387
MG;31;40100;Marilac;4219;4219;4224
MG;31;40159;Mário Campos;13192;13192;15900
MG;31;40209;Maripá de Minas;2788;2788;3387
MG;31;40308;Marliéria;4012;4012;4592
MG;31;40407;Marmelópolis;2968;2968;3200
MG;31;40506;Martinho Campos;12611;12611;14003
MG;31;40530;Martins Soares;7173;7173;8396
MG;31;40555;Mata Verde;7874;7874;9112
MG;31;40605;Materlândia;4595;4595;3963
MG;31;40704;Mateus Leme;27856;27856;37841
MG;31;40803;Matias Barbosa;13435;13435;14121
MG;31;40852;Matias Cardoso;9979;9964;8895
MG;31;40902;Matipó;17639;17639;18552
MG;31;41009;Mato Verde;12684;12684;12038
MG;31;41108;Matozinhos;33955;33958;37618
MG;31;41207;Matutina;3761;3761;3814
MG;31;41306;Medeiros;3444;3444;3900
MG;31;41405;Medina;21026;21026;20156
MG;31;41504;Mendes Pimentel;6331;6331;5606
MG;31;41603;Mercês;10368;10368;10373
MG;31;41702;Mesquita;6069;6069;5040
MG;31;41801;Minas Novas;30794;30794;24405
MG;31;41900;Minduri;3840;3840;3741
MG;31;42007;Mirabela;13042;13042;13651
MG;31;42106;Miradouro;10251;10251;8968
MG;31;42205;Miraí;13808;13808;13633
MG;31;42254;Miravânia;4549;4549;3985
MG;31;42304;Moeda;4689;4689;5125
MG;31;42403;Moema;7028;7028;7548
MG;31;42502;Monjolos;2360;2360;2169
MG;31;42601;Monsenhor Paulo;8161;8161;8340
MG;31;42700;Montalvânia;15862;15862;14060
MG;31;42809;Monte Alegre de Minas;19619;19619;20170
MG;31;42908;Monte Azul;21994;21994;20328
MG;31;43005;Monte Belo;13061;13061;13046
MG;31;43104;Monte Carmelo;45772;45772;47692
MG;31;43153;Monte Formoso;4656;4656;4381
MG;31;43203;Monte Santo de Minas;21234;21234;20890
MG;31;43302;Montes Claros;361915;362148;414240
MG;31;43401;Monte Sião;21203;21203;24089
MG;31;43450;Montezuma;7464;7464;6888
MG;31;43500;Morada Nova de Minas;8255;8255;9067
MG;31;43609;Morro da Garça;2660;2660;2411
MG;31;43708;Morro do Pilar;3399;3399;3133
MG;31;43807;Munhoz;6257;6257;7451
MG;31;43906;Muriaé;100765;100765;104108
MG;31;44003;Mutum;26661;26661;27635
MG;31;44102;Muzambinho;20430;20430;21891
MG;31;44201;Nacip Raydan;3154;3154;2459
MG;31;44300;Nanuque;40834;40834;35038
MG;31;44359;Naque;6341;6341;6303
MG;31;44375;Natalândia;3280;3280;3520
MG;31;44409;Natércia;4658;4658;4691
MG;31;44508;Nazareno;7954;7954;8179
MG;31;44607;Nepomuceno;25733;25733;25018
MG;31;44656;Ninheira;9815;9815;10588
MG;31;44672;Nova Belém;3732;3732;3151
MG;31;44706;Nova Era;17528;17528;17438
MG;31;44805;Nova Lima;80998;80998;111697
MG;31;44904;Nova Módica;3790;3790;3663
MG;31;45000;Nova Ponte;12812;12812;14598
MG;31;45059;Nova Porteirinha;7398;7398;6706
MG;31;45109;Nova Resende;15374;15374;16387
MG;31;45208;Nova Serrana;73699;73699;105552
MG;31;45307;Novo Cruzeiro;30725;30725;26975
MG;31;45356;Novo Oriente de Minas;10339;10339;10275
MG;31;45372;Novorizonte;4963;4963;4571
MG;31;45406;Olaria;1976;1976;1945
MG;31;45455;Olhos-d'Água;5267;5267;5385
MG;31;45505;Olímpio Noronha;2533;2533;2555
MG;31;45604;Oliveira;39466;39466;39262
MG;31;45703;Oliveira Fortes;2123;2123;2027
MG;31;45802;Onça de Pitangui;3055;3055;2969
MG;31;45851;Oratórios;4493;4493;4917
MG;31;45877;Orizânia;7284;7284;8437
MG;31;45901;Ouro Branco;35268;35268;38724
MG;31;46008;Ouro Fino;31568;31568;32094
MG;31;46107;Ouro Preto;70281;70281;74821
MG;31;46206;Ouro Verde de Minas;6016;6016;5757
MG;31;46255;Padre Carvalho;5834;5834;5058
MG;31;46305;Padre Paraíso;18849;18849;17334
MG;31;46404;Paineiras;4631;4631;4224
MG;31;46503;Pains;8014;8014;8142
MG;31;46552;Pai Pedro;5934;5934;5551
MG;31;46602;Paiva;1558;1558;1474
MG;31;46701;Palma;6545;6545;5707
MG;31;46750;Palmópolis;6931;6931;6301
MG;31;46909;Papagaios;14175;14175;13920
MG;31;47006;Paracatu;84718;84718;94023
MG;31;47105;Pará de Minas;84215;84215;97139
MG;31;47204;Paraguaçu;20245;20245;21723
MG;31;47303;Paraisópolis;19379;19379;20445
MG;31;47402;Paraopeba;22563;22563;24107
MG;31;47501;Passabém;1766;1766;1600
MG;31;47600;Passa Quatro;15582;15582;15515
MG;31;47709;Passa Tempo;8197;8197;8473
MG;31;47808;Passa Vinte;2079;2079;2233
MG;31;47907;Passos;106290;106290;111939
MG;31;47956;Patis;5579;5579;4837
MG;31;48004;Patos de Minas;138710;139206;159235
MG;31;48103;Patrocínio;82471;82471;89826
MG;31;48202;Patrocínio do Muriaé;5287;5287;5576
MG;31;48301;Paula Cândido;9271;9271;8659
MG;31;48400;Paulistas;4918;4918;4389
MG;31;48509;Pavão;8589;8589;8047
MG;31;48608;Peçanha;17260;17260;17446
MG;31;48707;Pedra Azul;23839;23839;24410
MG;31;48756;Pedra Bonita;6673;6673;7320
MG;31;48806;Pedra do Anta;3365;3446;3311
MG;31;48905;Pedra do Indaiá;3875;3875;4112
MG;31;49002;Pedra Dourada;2191;2191;2757
MG;31;49101;Pedralva;11467;11467;10760
MG;31;49150;Pedras de Maria da Cruz;10315;10876;10433
MG;31;49200;Pedrinópolis;3490;3490;3344
MG;31;49309;Pedro Leopoldo;58740;58740;62580
MG;31;49408;Pedro Teixeira;1785;1785;1810
MG;31;49507;Pequeri;3165;3165;3351
MG;31;49606;Pequi;4076;4076;4155
MG;31;49705;Perdigão;8912;8912;12268
MG;31;49804;Perdizes;14404;14404;17151
MG;31;49903;Perdões;20087;20087;21384
MG;31;49952;Periquito;7036;7036;6553
MG;31;50000;Pescador;4128;4128;3570
MG;31;50109;Piau;2841;2841;2796
MG;31;50158;Piedade de Caratinga;7110;7110;8529
MG;31;50208;Piedade de Ponte Nova;4062;4062;3976
MG;31;50307;Piedade do Rio Grande;4709;4709;4604
MG;31;50406;Piedade dos Gerais;4640;4640;5019
MG;31;50505;Pimenta;8236;8236;8563
MG;31;50539;Pingo-d'Água;4420;4420;4706
MG;31;50570;Pintópolis;7211;7211;7084
MG;31;50604;Piracema;6406;6406;6700
MG;31;50703;Pirajuba;4656;4656;5537
MG;31;50802;Piranga;17232;17232;17018
MG;31;50901;Piranguçu;5217;5217;6041
MG;31;51008;Piranguinho;8016;8016;9120
MG;31;51107;Pirapetinga;10364;10364;11077
MG;31;51206;Pirapora;53368;53368;55606
MG;31;51305;Piraúba;10862;10862;11610
MG;31;51404;Pitangui;25311;25311;26685
MG;31;51503;Piumhi;31883;31883;36062
MG;31;51602;Planura;10384;10384;11145
MG;31;51701;Poço Fundo;15959;15959;16390
MG;31;51800;Poços de Caldas;152435;152435;163742
MG;31;51909;Pocrane;8986;8986;8350
MG;31;52006;Pompéu;29105;29105;31047
MG;31;52105;Ponte Nova;57390;57390;57776
MG;31;52131;Ponto Chique;3966;3966;3747
MG;31;52170;Ponto dos Volantes;11345;11345;10883
MG;31;52204;Porteirinha;37627;37627;37438
MG;31;52303;Porto Firme;10417;10417;10569
MG;31;52402;Poté;15667;15667;13666
MG;31;52501;Pouso Alegre;130615;130615;152217
MG;31;52600;Pouso Alto;6213;6213;6566
MG;31;52709;Prados;8391;8391;9048
MG;31;52808;Prata;25802;25802;28342
MG;31;52907;Pratápolis;8807;8807;8406
MG;31;53004;Pratinha;3265;3265;3559
MG;31;53103;Presidente Bernardes;5537;5537;4850
MG;31;53202;Presidente Juscelino;3908;3908;3465
MG;31;53301;Presidente Kubitschek;2959;2959;3071
MG;31;53400;Presidente Olegário;18577;18697;18765
MG;31;53509;Alto Jequitibá;8318;8318;8397
MG;31;53608;Prudente de Morais;9573;9573;11466
MG;31;53707;Quartel Geral;3303;3303;3179
MG;31;53806;Queluzito;1861;1861;1770
MG;31;53905;Raposos;15342;15342;16279
MG;31;54002;Raul Soares;23818;23818;23423
MG;31;54101;Recreio;10299;10299;11007
MG;31;54150;Reduto;6569;6569;7848
MG;31;54200;Resende Costa;10913;10913;11230
MG;31;54309;Resplendor;17089;17089;17226
MG;31;54408;Ressaquinha;4711;4630;4548
MG;31;54457;Riachinho;8007;8007;6863
MG;31;54507;Riacho dos Machados;9360;9360;8756
MG;31;54606;Ribeirão das Neves;296317;296736;329794
MG;31;54705;Ribeirão Vermelho;3826;3826;4080
MG;31;54804;Rio Acima;9090;9087;10261
MG;31;54903;Rio Casca;14201;14201;12789
MG;31;55009;Rio Doce;2465;2465;2484
MG;31;55108;Rio do Prado;5217;5217;4639
MG;31;55207;Rio Espera;6070;6070;5429
MG;31;55306;Rio Manso;5276;5276;5568
MG;31;55405;Rio Novo;8712;8712;8518
MG;31;55504;Rio Paranaíba;11885;11885;14532
MG;31;55603;Rio Pardo de Minas;29099;29099;28271
MG;31;55702;Rio Piracicaba;14149;14149;14631
MG;31;55801;Rio Pomba;17110;17110;17443
MG;31;55900;Rio Preto;5292;5292;5141
MG;31;56007;Rio Vermelho;13645;13645;12641
MG;31;56106;Ritápolis;4925;4925;4994
MG;31;56205;Rochedo de Minas;2116;2116;2291
MG;31;56304;Rodeiro;6867;6867;8664
MG;31;56403;Romaria;3596;3596;3386
MG;31;56452;Rosário da Limeira;4247;4247;4734
MG;31;56502;Rubelita;7772;7772;5679
MG;31;56601;Rubim;9919;9919;10298
MG;31;56700;Sabará;126269;126384;129380
MG;31;56809;Sabinópolis;15704;15704;14240
MG;31;56908;Sacramento;23896;23896;26670
MG;31;57005;Salinas;39178;39125;40178
MG;31;57104;Salto da Divisa;6859;6859;6110
MG;31;57203;Santa Bárbara;27876;28077;30466
MG;31;57252;Santa Bárbara do Leste;7682;7682;8458
MG;31;57278;Santa Bárbara do Monte Verde;2788;2788;3095
MG;31;57302;Santa Bárbara do Tugúrio;4570;4570;4208
MG;31;57336;Santa Cruz de Minas;7865;7865;8109
MG;31;57377;Santa Cruz de Salinas;4397;4397;3910
MG;31;57401;Santa Cruz do Escalvado;4992;4992;4673
MG;31;57500;Santa Efigênia de Minas;4600;4600;4039
MG;31;57609;Santa Fé de Minas;3968;3968;3522
MG;31;57658;Santa Helena de Minas;6055;6055;5938
MG;31;57708;Santa Juliana;11337;11337;15734
MG;31;57807;Santa Luzia;202942;202601;219132
MG;31;57906;Santa Margarida;15011;15011;16395
MG;31;58003;Santa Maria de Itabira;10552;10552;10485
MG;31;58102;Santa Maria do Salto;5284;5284;4755
MG;31;58201;Santa Maria do Suaçuí;14395;14395;12788
MG;31;58300;Santana da Vargem;7231;7231;6691
MG;31;58409;Santana de Cataguases;3622;3622;3489
MG;31;58508;Santana de Pirapama;8009;8009;7030
MG;31;58607;Santana do Deserto;3860;3860;3747
MG;31;58706;Santana do Garambéu;2234;2234;2137
MG;31;58805;Santana do Jacaré;4607;4607;4214
MG;31;58904;Santana do Manhuaçu;8582;8582;8987
MG;31;58953;Santana do Paraíso;27265;27265;44800
MG;31;59001;Santana do Riacho;4023;4023;5313
MG;31;59100;Santana dos Montes;3822;3822;3469
MG;31;59209;Santa Rita de Caldas;9027;9027;8460
MG;31;59308;Santa Rita de Jacutinga;4993;4993;4755
MG;31;59357;Santa Rita de Minas;6547;6547;6773
MG;31;59407;Santa Rita de Ibitipoca;3583;3583;3301
MG;31;59506;Santa Rita do Itueto;5697;5697;5826
MG;31;59605;Santa Rita do Sapucaí;37754;37754;40635
MG;31;59704;Santa Rosa da Serra;3224;3224;3382
MG;31;59803;Santa Vitória;18138;18138;20973
MG;31;59902;Santo Antônio do Amparo;17345;17345;17285
MG;31;60009;Santo Antônio do Aventureiro;3538;3538;3769
MG;31;60108;Santo Antônio do Grama;4085;4085;4229
MG;31;60207;Santo Antônio do Itambé;4135;4135;3915
MG;31;60306;Santo Antônio do Jacinto;11775;11775;10327
MG;31;60405;Santo Antônio do Monte;25975;25975;27295
MG;31;60454;Santo Antônio do Retiro;6955;6955;6629
MG;31;60504;Santo Antônio do Rio Abaixo;1777;1777;1808
MG;31;60603;Santo Hipólito;3238;3238;2717
MG;31;60702;Santos Dumont;46284;46284;42406
MG;31;60801;São Bento Abade;4577;4577;4713
MG;31;60900;São Brás do Suaçuí;3513;3513;3989
MG;31;60959;São Domingos das Dores;5408;5408;5626
MG;31;61007;São Domingos do Prata;17357;17357;17392
MG;31;61056;São Félix de Minas;3382;3382;3200
MG;31;61106;São Francisco;53828;53828;52762
MG;31;61205;São Francisco de Paula;6483;6483;6187
MG;31;61304;São Francisco de Sales;5776;5776;5732
MG;31;61403;São Francisco do Glória;5178;5178;4800
MG;31;61502;São Geraldo;10263;10263;10282
MG;31;61601;São Geraldo da Piedade;4389;4389;3305
MG;31;61650;São Geraldo do Baixio;3486;3486;3143
MG;31;61700;São Gonçalo do Abaeté;6264;7562;7375
MG;31;61809;São Gonçalo do Pará;10398;10398;11770
MG;31;61908;São Gonçalo do Rio Abaixo;9777;9777;11850
MG;31;62005;São Gonçalo do Sapucaí;23906;23906;23959
MG;31;62104;São Gotardo;31819;31819;40910
MG;31;62203;São João Batista do Glória;6887;6887;7652
MG;31;62252;São João da Lagoa;4656;4656;4822
MG;31;62302;São João da Mata;2731;2731;2914
MG;31;62401;São João da Ponte;25358;25358;23930
MG;31;62450;São João das Missões;11715;11715;13024
MG;31;62500;São João del Rei;84469;84469;90225
MG;31;62559;São João do Manhuaçu;10245;10245;11246
MG;31;62575;São João do Manteninha;5188;5188;5331
MG;31;62609;São João do Oriente;7874;7874;7070
MG;31;62658;São João do Pacuí;4060;4060;3972
MG;31;62708;São João do Paraíso;22319;22319;23910
MG;31;62807;São João Evangelista;15553;15553;15315
MG;31;62906;São João Nepomuceno;25057;25057;25565
MG;31;62922;São Joaquim de Bicas;25537;25537;34348
MG;31;62948;São José da Barra;6778;6778;7793
MG;31;62955;São José da Lapa;19799;19799;26090
MG;31;63003;São José da Safira;4075;4075;3806
MG;31;63102;São José da Varginha;4198;4198;4536
MG;31;63201;São José do Alegre;3996;3996;4133
MG;31;63300;São José do Divino;3834;3834;3464
MG;31;63409;São José do Goiabal;5636;5636;5396
MG;31;63508;São José do Jacuri;6553;6553;6197
MG;31;63607;São José do Mantimento;2592;2592;2753
MG;31;63706;São Lourenço;41657;41657;44798
MG;31;63805;São Miguel do Anta;6760;6760;6334
MG;31;63904;São Pedro da União;5040;5040;4885
MG;31;64001;São Pedro dos Ferros;8356;8356;7166
MG;31;64100;São Pedro do Suaçuí;5570;5570;5103
MG;31;64209;São Romão;10276;10276;10315
MG;31;64308;São Roque de Minas;6686;6686;7129
MG;31;64407;São Sebastião da Bela Vista;4948;4948;6387
MG;31;64431;São Sebastião da Vargem Alegre;2798;2798;3113
MG;31;64472;São Sebastião do Anta;5739;5739;6194
MG;31;64506;São Sebastião do Maranhão;10647;10647;10079
MG;31;64605;São Sebastião do Oeste;5805;5805;8815
MG;31;64704;São Sebastião do Paraíso;64980;64980;71796
MG;31;64803;São Sebastião do Rio Preto;1613;1613;1259
MG;31;64902;São Sebastião do Rio Verde;2110;2110;2300
MG;31;65008;São Tiago;10561;10561;11192
MG;31;65107;São Tomás de Aquino;7093;7093;6740
MG;31;65206;São Tomé das Letras;6655;6655;6904
MG;31;65305;São Vicente de Minas;7008;7008;6804
MG;31;65404;Sapucaí-Mirim;6241;6241;6311
MG;31;65503;Sardoá;5594;5594;5104
MG;31;65537;Sarzedo;25814;25814;36844
MG;31;65552;Setubinha;10885;10885;9917
MG;31;65560;Sem-Peixe;2847;2847;2433
MG;31;65578;Senador Amaral;5219;5219;6206
MG;31;65602;Senador Cortes;1988;1988;2240
MG;31;65701;Senador Firmino;7230;7230;7716
MG;31;65800;Senador José Bento;1868;1868;2068
MG;31;65909;Senador Modestino Gonçalves;4574;4574;4008
MG;31;66006;Senhora de Oliveira;5683;5683;5483
MG;31;66105;Senhora do Porto;3497;3497;3067
MG;31;66204;Senhora dos Remédios;10196;10196;10384
MG;31;66303;Sericita;7128;7128;7345
MG;31;66402;Seritinga;1789;1789;1819
MG;31;66501;Serra Azul de Minas;4220;4220;3792
MG;31;66600;Serra da Saudade;815;815;833
MG;31;66709;Serra dos Aimorés;8412;8412;6944
MG;31;66808;Serra do Salitre;10549;10549;11801
MG;31;66907;Serrania;7542;7542;7621
MG;31;66956;Serranópolis de Minas;4425;4425;4399
MG;31;67004;Serranos;1995;1995;1990
MG;31;67103;Serro;20835;20835;21952
MG;31;67202;Sete Lagoas;214152;214221;227397
MG;31;67301;Silveirânia;2192;2192;2323
MG;31;67400;Silvianópolis;6027;6027;6179
MG;31;67509;Simão Pereira;2537;2537;2947
MG;31;67608;Simonésia;18298;18298;19750
MG;31;67707;Sobrália;5830;5830;5137
MG;31;67806;Soledade de Minas;5676;5676;5613
MG;31;67905;Tabuleiro;4079;4079;4014
MG;31;68002;Taiobeiras;30917;30970;33050
MG;31;68051;Taparuba;3137;3137;3387
MG;31;68101;Tapira;4112;4112;4118
MG;31;68200;Tapiraí;1873;1873;1690
MG;31;68309;Taquaraçu de Minas;3794;3794;4224
MG;31;68408;Tarumirim;14293;14293;14709
MG;31;68507;Teixeiras;11355;11355;12255
MG;31;68606;Teófilo Otoni;134745;134745;137418
MG;31;68705;Timóteo;81243;81243;81579
MG;31;68804;Tiradentes;6961;6961;7744
MG;31;68903;Tiros;6906;6906;7883
MG;31;69000;Tocantins;15823;15823;16185
MG;31;69059;Tocos do Moji;3950;3950;3826
MG;31;69109;Toledo;5764;5764;7214
MG;31;69208;Tombos;9537;9537;8609
MG;31;69307;Três Corações;72765;72765;75485
MG;31;69356;Três Marias;28318;28318;28895
MG;31;69406;Três Pontas;53860;53860;55255
MG;31;69505;Tumiritinga;6293;6293;5886
MG;31;69604;Tupaciguara;24188;24188;25470
MG;31;69703;Turmalina;18055;18055;20000
MG;31;69802;Turvolândia;4658;4658;4935
MG;31;69901;Ubá;101519;101519;103365
MG;31;70008;Ubaí;11681;11681;11708
MG;31;70057;Ubaporanga;12040;12040;13017
MG;31;70107;Uberaba;295988;295988;337836
MG;31;70206;Uberlândia;604013;604013;713224
MG;31;70305;Umburatiba;2705;2705;2684
MG;31;70404;Unaí;77565;77557;86619
MG;31;70438;União de Minas;4418;4418;3828
MG;31;70479;Uruana de Minas;3235;3243;3282
MG;31;70503;Urucânia;10291;10291;10600
MG;31;70529;Urucuia;13604;13604;17479
MG;31;70578;Vargem Alegre;6461;6461;5780
MG;31;70602;Vargem Bonita;2163;2163;2158
MG;31;70651;Vargem Grande do Rio Pardo;4733;4733;4633
MG;31;70701;Varginha;123081;123081;136467
MG;31;70750;Varjão de Minas;6054;5934;6969
MG;31;70800;Várzea da Palma;35809;35809;33744
MG;31;70909;Varzelândia;19116;19116;18840
MG;31;71006;Vazante;19723;19723;19975
MG;31;71030;Verdelândia;8346;8346;7672
MG;31;71071;Veredinha;5549;5549;5181
MG;31;71105;Veríssimo;3483;3483;3411
MG;31;71154;Vermelho Novo;4689;4689;4899
MG;31;71204;Vespasiano;104527;104516;129246
MG;31;71303;Viçosa;72220;72220;76430
MG;31;71402;Vieiras;3731;3731;3700
MG;31;71501;Mathias Lobato;3370;3370;3038
MG;31;71600;Virgem da Lapa;13619;13619;11804
MG;31;71709;Virgínia;8623;8623;8908
MG;31;71808;Virginópolis;10572;10572;10314
MG;31;71907;Virgolândia;5658;5658;4552
MG;31;72004;Visconde do Rio Branco;37942;37942;39160
MG;31;72103;Volta Grande;5070;5070;4443
MG;31;72202;Wenceslau Braz;2553;2553;2356
ES;32;00102;Afonso Cláudio;31091;31091;30684
ES;32;00136;Águia Branca;9519;9519;9711
ES;32;00169;Água Doce do Norte;11771;11771;12042
ES;32;00201;Alegre;30768;30392;29177
ES;32;00300;Alfredo Chaves;13955;13955;13836
ES;32;00359;Alto Rio Novo;7317;7317;7434
ES;32;00409;Anchieta;23902;23902;29984
ES;32;00508;Apiacá;7512;7512;7223
ES;32;00607;Aracruz;81832;81832;94765
ES;32;00706;Atílio Vivácqua;9850;10135;10540
ES;32;00805;Baixo Guandu;29081;29081;30674
ES;32;00904;Barra de São Francisco;40649;40649;42498
ES;32;01001;Boa Esperança;14199;14199;13608
ES;32;01100;Bom Jesus do Norte;9476;9476;10254
ES;32;01159;Brejetuba;11915;11915;12985
ES;32;01209;Cachoeiro de Itapemirim;189889;189546;185786
ES;32;01308;Cariacica;348738;348738;353491
ES;32;01407;Castelo;34747;34747;36930
ES;32;01506;Colatina;111788;111537;120033
ES;32;01605;Conceição da Barra;28449;28449;27458
ES;32;01704;Conceição do Castelo;11681;11681;11937
ES;32;01803;Divino de São Lourenço;4516;4516;5083
ES;32;01902;Domingos Martins;31847;31847;35416
ES;32;02009;Dores do Rio Preto;6397;6397;6596
ES;32;02108;Ecoporanga;23212;23212;21992
ES;32;02207;Fundão;17025;17025;18014
ES;32;02256;Governador Lindenberg;10869;10869;11009
ES;32;02306;Guaçuí;27851;27851;29358
ES;32;02405;Guarapari;105286;105286;124656
ES;32;02454;Ibatiba;22366;22366;25380
ES;32;02504;Ibiraçu;11178;11178;11723
ES;32;02553;Ibitirama;8957;8957;9520
ES;32;02603;Iconha;12523;12523;12326
ES;32;02652;Irupi;11723;11723;13710
ES;32;02702;Itaguaçu;14134;14134;13589
ES;32;02801;Itapemirim;30988;30768;39832
ES;32;02900;Itarana;10881;10881;10597
ES;32;03007;Iúna;27328;27328;28590
ES;32;03056;Jaguaré;24678;24678;28931
ES;32;03106;Jerônimo Monteiro;10879;11255;11575
ES;32;03130;João Neiva;15809;15809;14079
ES;32;03163;Laranja da Terra;10826;10826;11094
ES;32;03205;Linhares;141306;141141;166786
ES;32;03304;Mantenópolis;13612;13612;12770
ES;32;03320;Marataízes;34140;34140;41929
ES;32;03346;Marechal Floriano;14262;14262;17641
ES;32;03353;Marilândia;11107;11358;12387
ES;32;03403;Mimoso do Sul;25902;25902;24475
ES;32;03502;Montanha;17849;17849;18900
ES;32;03601;Mucurici;5655;5655;5466
ES;32;03700;Muniz Freire;18397;18397;18153
ES;32;03809;Muqui;14396;14396;13745
ES;32;03908;Nova Venécia;46031;46031;49065
ES;32;04005;Pancas;21548;21548;18893
ES;32;04054;Pedro Canário;23794;23794;21522
ES;32;04104;Pinheiros;23895;23895;23915
ES;32;04203;Piúma;18123;18110;22300
ES;32;04252;Ponto Belo;6979;6979;6497
ES;32;04302;Presidente Kennedy;10314;10547;13696
ES;32;04351;Rio Bananal;17530;17530;19274
ES;32;04401;Rio Novo do Sul;11325;11325;11069
ES;32;04500;Santa Leopoldina;12240;12191;13106
ES;32;04559;Santa Maria de Jetibá;34176;34197;41636
ES;32;04609;Santa Teresa;21823;21851;22808
ES;32;04658;São Domingos do Norte;8001;8001;8589
ES;32;04708;São Gabriel da Palha;31859;31859;32252
ES;32;04807;São José do Calçado;10408;10408;10878
ES;32;04906;São Mateus;109028;109193;123752
ES;32;04955;São Roque do Canaã;11273;11273;10886
ES;32;05002;Serra;409267;417330;520653
ES;32;05010;Sooretama;23843;23843;26502
ES;32;05036;Vargem Alta;19130;19188;19563
ES;32;05069;Venda Nova do Imigrante;20447;20447;23831
ES;32;05101;Viana;65001;65001;73423
ES;32;05150;Vila Pavão;8672;8672;8911
ES;32;05176;Vila Valério;13830;13830;13728
ES;32;05200;Vila Velha;414586;414586;467722
ES;32;05309;Vitória;327801;319738;322869
RJ;33;00100;Angra dos Reis;169511;169511;167434
RJ;33;00159;Aperibé;10213;10213;11034
RJ;33;00209;Araruama;112008;112228;129671
RJ;33;00225;Areal;11423;11423;11828
RJ;33;00233;Armação dos Búzios;27560;27560;40006
RJ;33;00258;Arraial do Cabo;27715;27496;30986
RJ;33;00308;Barra do Piraí;94778;94808;92883
RJ;33;00407;Barra Mansa;177813;176947;169894
RJ;33;00456;Belford Roxo;469332;480487;483087
RJ;33;00506;Bom Jardim;25333;25333;28102
RJ;33;00605;Bom Jesus do Itabapoana;35411;35385;35173
RJ;33;00704;Cabo Frio;186227;186264;222161
RJ;33;00803;Cachoeiras de Macacu;54273;54408;56943
RJ;33;00902;Cambuci;14827;15128;14616
RJ;33;00936;Carapebus;13359;13330;13847
RJ;33;00951;Comendador Levy Gasparian;8180;8254;8741
RJ;33;01009;Campos dos Goytacazes;463731;464066;483540
RJ;33;01108;Cantagalo;19830;19830;19390
RJ;33;01157;Cardoso Moreira;12600;12600;12958
RJ;33;01207;Carmo;17434;17269;17198
RJ;33;01306;Casimiro de Abreu;35347;35347;46110
RJ;33;01405;Conceição de Macabu;21211;21200;21104
RJ;33;01504;Cordeiro;20430;20430;20783
RJ;33;01603;Duas Barras;10930;10930;10980
RJ;33;01702;Duque de Caxias;855048;855088;808161
RJ;33;01801;Engenheiro Paulo de Frontin;13237;13080;12242
RJ;33;01850;Guapimirim;51483;51233;51696
RJ;33;01876;Iguaba Grande;22851;22848;27920
RJ;33;01900;Itaboraí;218008;217790;224267
RJ;33;02007;Itaguaí;109091;113691;116841
RJ;33;02056;Italva;14063;14063;14073
RJ;33;02106;Itaocara;22899;22899;22919
RJ;33;02205;Itaperuna;95841;95867;101041
RJ;33;02254;Itatiaia;28783;28783;30908
RJ;33;02270;Japeri;95492;95492;96289
RJ;33;02304;Laje do Muriaé;7487;7487;7336
RJ;33;02403;Macaé;206728;206753;246391
RJ;33;02452;Macuco;5269;5269;5415
RJ;33;02502;Magé;227322;227667;228127
RJ;33;02601;Mangaratiba;36456;36610;41220
RJ;33;02700;Maricá;127461;127397;197277
RJ;33;02809;Mendes;17935;17935;17502
RJ;33;02858;Mesquita;168376;168376;167127
RJ;33;02908;Miguel Pereira;24642;24646;26582
RJ;33;03005;Miracema;26843;26843;26881
RJ;33;03104;Natividade;15082;15082;15074
RJ;33;03203;Nilópolis;157425;157425;146774
RJ;33;03302;Niterói;487562;487562;481749
RJ;33;03401;Nova Friburgo;182082;182057;189939
RJ;33;03500;Nova Iguaçu;796257;785102;785867
RJ;33;03609;Paracambi;47124;47281;41375
RJ;33;03708;Paraíba do Sul;41084;41269;42063
RJ;33;03807;Paraty;37533;37533;45243
RJ;33;03856;Paty do Alferes;26359;26416;29619
RJ;33;03906;Petrópolis;295917;295774;278881
RJ;33;03955;Pinheiral;22719;22740;24298
RJ;33;04003;Piraí;26314;26214;27474
RJ;33;04102;Porciúncula;17760;17437;17288
RJ;33;04110;Porto Real;16592;16592;20373
RJ;33;04128;Quatis;12793;12793;13682
RJ;33;04144;Queimados;137962;137962;140523
RJ;33;04151;Quissamã;20242;20253;22393
RJ;33;04201;Resende;119769;119769;129612
RJ;33;04300;Rio Bonito;55551;55576;56276
RJ;33;04409;Rio Claro;17425;17473;17401
RJ;33;04508;Rio das Flores;8561;8552;8954
RJ;33;04524;Rio das Ostras;105676;105680;156491
RJ;33;04557;Rio de Janeiro;6320446;6320446;6211223
RJ;33;04607;Santa Maria Madalena;10321;10321;10232
RJ;33;04706;Santo Antônio de Pádua;40589;40589;41325
RJ;33;04755;São Francisco de Itabapoana;41354;41354;45059
RJ;33;04805;São Fidélis;37543;37543;38961
RJ;33;04904;São Gonçalo;999728;999728;896744
RJ;33;05000;São João da Barra;32747;32412;36573
RJ;33;05109;São João de Meriti;458673;458673;440962
RJ;33;05133;São José de Ubá;7003;6702;7070
RJ;33;05158;São José do Vale do Rio Preto;20251;20251;22080
RJ;33;05208;São Pedro da Aldeia;87875;87820;104029
RJ;33;05307;São Sebastião do Alto;8895;8895;7750
RJ;33;05406;Sapucaia;17525;17679;17729
RJ;33;05505;Saquarema;74234;74293;89559
RJ;33;05554;Seropédica;78186;73463;80596
RJ;33;05604;Silva Jardim;21349;21349;21352
RJ;33;05703;Sumidouro;14900;14911;15206
RJ;33;05752;Tanguá;30732;30848;31086
RJ;33;05802;Teresópolis;163746;163746;165123
RJ;33;05901;Trajano de Moraes;10289;10289;10302
RJ;33;06008;Três Rios;77432;77075;78346
RJ;33;06107;Valença;71843;71822;68088
RJ;33;06156;Varre-Sai;9475;9798;10207
RJ;33;06206;Vassouras;34410;34447;33976
RJ;33;06305;Volta Redonda;257803;258669;261563
SP;35;00105;Adamantina;33797;33797;34687
SP;35;00204;Adolfo;3557;3557;4351
SP;35;00303;Aguaí;32148;32148;32072
SP;35;00402;Águas da Prata;7584;7584;7369
SP;35;00501;Águas de Lindóia;17266;17266;17930
SP;35;00550;Águas de Santa Bárbara;5601;5601;7177
SP;35;00600;Águas de São Pedro;2707;2707;2780
SP;35;00709;Agudos;34524;34524;37680
SP;35;00758;Alambari;4884;4884;6141
SP;35;00808;Alfredo Marcondes;3891;3891;4445
SP;35;00907;Altair;3815;3815;3451
SP;35;01004;Altinópolis;15607;15607;16818
SP;35;01103;Alto Alegre;4102;4102;3841
SP;35;01152;Alumínio;16839;16839;17301
SP;35;01202;Álvares Florence;3897;3897;3915
SP;35;01301;Álvares Machado;23513;23513;27255
SP;35;01400;Álvaro de Carvalho;4650;4650;4808
SP;35;01509;Alvinlândia;3000;3000;2885
SP;35;01608;Americana;210638;210638;237240
SP;35;01707;Américo Brasiliense;34478;34478;33019
SP;35;01806;Américo de Campos;5706;5706;5870
SP;35;01905;Amparo;65829;65829;68008
SP;35;02002;Analândia;4293;4293;4589
SP;35;02101;Andradina;55334;55334;59783
SP;35;02200;Angatuba;22210;22210;24022
SP;35;02309;Anhembi;5653;5653;5674
SP;35;02408;Anhumas;3738;3738;4023
SP;35;02507;Aparecida;35007;35007;32569
SP;35;02606;Aparecida d'Oeste;4450;4450;4086
SP;35;02705;Apiaí;25191;25191;24585
SP;35;02754;Araçariguama;17080;17080;21522
SP;35;02804;Araçatuba;181579;181579;200124
SP;35;02903;Araçoiaba da Serra;27299;27299;32443
SP;35;03000;Aramina;5152;5152;5420
SP;35;03109;Arandu;6123;6123;6885
SP;35;03158;Arapeí;2493;2493;2330
SP;35;03208;Araraquara;208662;208662;242228
SP;35;03307;Araras;118843;118843;130866
SP;35;03356;Arco-Íris;1925;1925;2044
SP;35;03406;Arealva;7841;7841;8130
SP;35;03505;Areias;3696;3696;3577
SP;35;03604;Areiópolis;10579;10579;10130
SP;35;03703;Ariranha;8547;8547;7602
SP;35;03802;Artur Nogueira;44177;44177;51456
SP;35;03901;Arujá;74905;74905;86678
SP;35;03950;Aspásia;1809;1809;1842
SP;35;04008;Assis;95144;95144;101409
SP;35;04107;Atibaia;126603;126603;158647
SP;35;04206;Auriflama;14202;14202;13692
SP;35;04305;Avaí;4959;4959;4483
SP;35;04404;Avanhandava;11310;11310;11263
SP;35;04503;Avaré;82934;82934;92805
SP;35;04602;Bady Bassitt;14603;14603;27260
SP;35;04701;Balbinos;3702;3702;3887
SP;35;04800;Bálsamo;8160;8160;9596
SP;35;04909;Bananal;10223;10223;9969
SP;35;05005;Barão de Antonina;3116;3116;3531
SP;35;05104;Barbosa;6593;6593;5640
SP;35;05203;Bariri;31593;31593;31595
SP;35;05302;Barra Bonita;35246;35246;34346
SP;35;05351;Barra do Chapéu;5244;5244;5179
SP;35;05401;Barra do Turvo;7729;7729;6876
SP;35;05500;Barretos;112101;112101;122485
SP;35;05609;Barrinha;28496;28496;32092
SP;35;05708;Barueri;240749;240749;316473
SP;35;05807;Bastos;20445;20445;21503
SP;35;05906;Batatais;56476;56476;58402
SP;35;06003;Bauru;343937;343937;379146
SP;35;06102;Bebedouro;75035;75035;76373
SP;35;06201;Bento de Abreu;2674;2674;2606
SP;35;06300;Bernardino de Campos;10775;10775;11607
SP;35;06359;Bertioga;47645;47645;64188
SP;35;06409;Bilac;7048;7048;7319
SP;35;06508;Birigui;108728;108728;118979
SP;35;06607;Biritiba Mirim;28575;28575;29683
SP;35;06706;Boa Esperança do Sul;13645;13645;12978
SP;35;06805;Bocaina;10859;10859;11259
SP;35;06904;Bofete;9618;9618;10460
SP;35;07001;Boituva;48314;48314;61081
SP;35;07100;Bom Jesus dos Perdões;19708;19708;22006
SP;35;07159;Bom Sucesso de Itararé;3571;3571;3555
SP;35;07209;Borá;805;805;907
SP;35;07308;Boracéia;4268;4268;4715
SP;35;07407;Borborema;14529;14529;14226
SP;35;07456;Borebi;2293;2293;2713
SP;35;07506;Botucatu;127328;127328;145155
SP;35;07605;Bragança Paulista;146744;146744;176811
SP;35;07704;Braúna;5021;5021;5356
SP;35;07753;Brejo Alegre;2573;2573;2565
SP;35;07803;Brodowski;21107;21107;25201
SP;35;07902;Brotas;21580;21580;23898
SP;35;08009;Buri;18563;18563;20250
SP;35;08108;Buritama;15418;15418;17210
SP;35;08207;Buritizal;4053;4053;4356
SP;35;08306;Cabrália Paulista;4365;4365;4299
SP;35;08405;Cabreúva;41604;41604;47011
SP;35;08504;Caçapava;84752;84752;96202
SP;35;08603;Cachoeira Paulista;30091;30091;31564
SP;35;08702;Caconde;18538;18301;17101
SP;35;08801;Cafelândia;16607;16607;16654
SP;35;08900;Caiabu;4072;4072;3712
SP;35;09007;Caieiras;86529;86529;95032
SP;35;09106;Caiuá;5039;5039;5466
SP;35;09205;Cajamar;64114;64114;92689
SP;35;09254;Cajati;28372;28372;28515
SP;35;09304;Cajobi;9768;9768;9133
SP;35;09403;Cajuru;23371;23371;23830
SP;35;09452;Campina do Monte Alegre;5567;5567;5954
SP;35;09502;Campinas;1080113;1081862;1139047
SP;35;09601;Campo Limpo Paulista;74074;74074;77632
SP;35;09700;Campos do Jordão;47789;47789;46974
SP;35;09809;Campos Novos Paulista;4539;4539;4888
SP;35;09908;Cananéia;12226;12226;12289
SP;35;09957;Canas;4385;4385;4931
SP;35;10005;Cândido Mota;29884;29884;29449
SP;35;10104;Cândido Rodrigues;2668;2668;2889
SP;35;10153;Canitar;4369;4369;6283
SP;35;10203;Capão Bonito;46178;46178;46337
SP;35;10302;Capela do Alto;17532;17532;22866
SP;35;10401;Capivari;48576;48576;50068
SP;35;10500;Caraguatatuba;100840;100840;134873
SP;35;10609;Carapicuíba;369584;369584;386984
SP;35;10708;Cardoso;11805;11805;11345
SP;35;10807;Casa Branca;28307;28307;28083
SP;35;10906;Cássia dos Coqueiros;2634;2634;2799
SP;35;11003;Castilho;18003;18003;19977
SP;35;11102;Catanduva;112820;112820;115791
SP;35;11201;Catiguá;7127;7127;7003
SP;35;11300;Cedral;7972;7972;12618
SP;35;11409;Cerqueira César;17532;17532;21469
SP;35;11508;Cerquilho;39617;39617;44695
SP;35;11607;Cesário Lange;15540;15540;19048
SP;35;11706;Charqueada;15085;15085;15535
SP;35;11904;Clementina;7065;7065;6982
SP;35;12001;Colina;17371;17371;18486
SP;35;12100;Colômbia;5994;5994;6629
SP;35;12209;Conchal;25229;25229;28101
SP;35;12308;Conchas;16288;16288;15232
SP;35;12407;Cordeirópolis;21080;21080;24514
SP;35;12506;Coroados;5238;5238;5400
SP;35;12605;Coronel Macedo;5001;5001;4280
SP;35;12704;Corumbataí;3874;3874;4195
SP;35;12803;Cosmópolis;58827;58827;59773
SP;35;12902;Cosmorama;7214;7214;8719
SP;35;13009;Cotia;201150;201150;274413
SP;35;13108;Cravinhos;31691;31691;33281
SP;35;13207;Cristais Paulista;7588;7588;9272
SP;35;13306;Cruzália;2274;2274;2108
SP;35;13405;Cruzeiro;77039;77039;74961
SP;35;13504;Cubatão;118720;118720;112476
SP;35;13603;Cunha;21866;21866;22110
SP;35;13702;Descalvado;31056;31056;31756
SP;35;13801;Diadema;386089;386089;393237
SP;35;13850;Dirce Reis;1689;1689;1620
SP;35;13900;Divinolândia;11208;11445;11158
SP;35;14007;Dobrada;7939;7939;8759
SP;35;14106;Dois Córregos;24761;24761;24510
SP;35;14205;Dolcinópolis;2096;2096;2207
SP;35;14304;Dourado;8609;8609;8096
SP;35;14403;Dracena;43258;43258;45474
SP;35;14502;Duartina;12251;12251;12328
SP;35;14601;Dumont;8143;8143;9471
SP;35;14700;Echaporã;6318;6318;6205
SP;35;14809;Eldorado;14641;14641;13069
SP;35;14908;Elias Fausto;15775;15775;17699
SP;35;14924;Elisiário;3120;3120;3138
SP;35;14957;Embaúba;2423;2423;2323
SP;35;15004;Embu das Artes;240230;240230;250691
SP;35;15103;Embu-Guaçu;62769;62769;66970
SP;35;15129;Emilianópolis;3020;3020;3014
SP;35;15152;Engenheiro Coelho;15721;15721;19566
SP;35;15186;Espírito Santo do Pinhal;41907;41907;39816
SP;35;15194;Espírito Santo do Turvo;4244;4244;4157
SP;35;15202;Estrela d'Oeste;8208;8208;9417
SP;35;15301;Estrela do Norte;2658;2658;2703
SP;35;15350;Euclides da Cunha Paulista;9585;9585;7924
SP;35;15400;Fartura;15320;15320;16641
SP;35;15509;Fernandópolis;64696;64696;71186
SP;35;15608;Fernando Prestes;5534;5534;5942
SP;35;15657;Fernão;1563;1563;1656
SP;35;15707;Ferraz de Vasconcelos;168306;168306;179198
SP;35;15806;Flora Rica;1752;1752;1487
SP;35;15905;Floreal;3003;3003;2733
SP;35;16002;Flórida Paulista;12848;12848;12958
SP;35;16101;Florínea;2829;2829;3851
SP;35;16200;Franca;318640;318640;352536
SP;35;16309;Francisco Morato;154472;154472;165139
SP;35;16408;Franco da Rocha;131604;131604;144849
SP;35;16507;Gabriel Monteiro;2708;2708;2763
SP;35;16606;Gália;7011;7011;6380
SP;35;16705;Garça;43115;43115;42110
SP;35;16804;Gastão Vidigal;4193;4193;3252
SP;35;16853;Gavião Peixoto;4419;4419;4702
SP;35;16903;General Salgado;10669;10669;10312
SP;35;17000;Getulina;10765;10765;10232
SP;35;17109;Glicério;4565;4565;4138
SP;35;17208;Guaiçara;10670;10670;11239
SP;35;17307;Guaimbê;5425;5425;5512
SP;35;17406;Guaíra;37404;37404;39279
SP;35;17505;Guapiaçu;17869;17869;21711
SP;35;17604;Guapiara;17998;17998;17071
SP;35;17703;Guará;19858;19858;18606
SP;35;17802;Guaraçaí;8435;8435;7441
SP;35;17901;Guaraci;9976;9976;10350
SP;35;18008;Guarani d'Oeste;1970;1970;1968
SP;35;18107;Guarantã;6404;6404;6427
SP;35;18206;Guararapes;30597;30597;31043
SP;35;18305;Guararema;25844;25844;31236
SP;35;18404;Guaratinguetá;112072;112072;118044
SP;35;18503;Guareí;14565;14565;15013
SP;35;18602;Guariba;35486;35486;37498
SP;35;18701;Guarujá;290752;290752;287634
SP;35;18800;Guarulhos;1221979;1221979;1291771
SP;35;18859;Guatapará;6966;6966;7320
SP;35;18909;Guzolândia;4754;4754;4246
SP;35;19006;Herculândia;8696;8696;9125
SP;35;19055;Holambra;11299;11299;15094
SP;35;19071;Hortolândia;192692;192692;236641
SP;35;19105;Iacanga;10013;10013;10437
SP;35;19204;Iacri;6419;6419;6131
SP;35;19253;Iaras;6376;6376;8010
SP;35;19303;Ibaté;30734;30734;32178
SP;35;19402;Ibirá;10896;10896;11690
SP;35;19501;Ibirarema;6725;6725;6385
SP;35;19600;Ibitinga;53158;53158;60033
SP;35;19709;Ibiúna;71217;71217;75605
SP;35;19808;Icém;7462;7462;7819
SP;35;19907;Iepê;7628;7628;7619
SP;35;20004;Igaraçu do Tietê;23362;23362;23106
SP;35;20103;Igarapava;27952;27952;26212
SP;35;20202;Igaratá;8831;8831;10605
SP;35;20301;Iguape;28841;28841;29115
SP;35;20400;Ilhabela;28196;28196;34934
SP;35;20426;Ilha Comprida;9025;9025;13419
SP;35;20442;Ilha Solteira;25064;25064;25549
SP;35;20509;Indaiatuba;201619;201619;255748
SP;35;20608;Indiana;4825;4825;5090
SP;35;20707;Indiaporã;3903;3903;4035
SP;35;20806;Inúbia Paulista;3630;3630;3615
SP;35;20905;Ipaussu;13663;13663;13712
SP;35;21002;Iperó;28300;28300;36459
SP;35;21101;Ipeúna;6016;6016;6831
SP;35;21150;Ipiguá;4463;4463;6761
SP;35;21200;Iporanga;4299;4299;4046
SP;35;21309;Ipuã;14148;14148;14454
SP;35;21408;Iracemápolis;20029;20029;21967
SP;35;21507;Irapuã;7275;7275;6867
SP;35;21606;Irapuru;7789;7789;7085
SP;35;21705;Itaberá;17858;17858;17983
SP;35;21804;Itaí;24008;24008;25180
SP;35;21903;Itajobi;14556;14556;16989
SP;35;22000;Itaju;3246;3246;3618
SP;35;22109;Itanhaém;87057;87057;112476
SP;35;22158;Itaoca;3228;3228;3422
SP;35;22208;Itapecerica da Serra;152614;152614;158522
SP;35;22307;Itapetininga;144377;144377;157790
SP;35;22406;Itapeva;87753;87753;89728
SP;35;22505;Itapevi;200769;200769;232297
SP;35;22604;Itapira;68537;68537;72022
SP;35;22653;Itapirapuã Paulista;3880;3880;4306
SP;35;22703;Itápolis;40051;40051;39493
SP;35;22802;Itaporanga;14549;14549;14085
SP;35;22901;Itapuí;12173;12173;13659
SP;35;23008;Itapura;4357;4357;3979
SP;35;23107;Itaquaquecetuba;321770;321770;369275
SP;35;23206;Itararé;47934;47934;44438
SP;35;23305;Itariri;15471;15471;15528
SP;35;23404;Itatiba;101471;101471;121590
SP;35;23503;Itatinga;18052;18052;19070
SP;35;23602;Itirapina;15524;15524;16148
SP;35;23701;Itirapuã;5914;5914;5779
SP;35;23800;Itobi;7546;7546;8046
SP;35;23909;Itu;154147;154147;168240
SP;35;24006;Itupeva;44859;44859;70616
SP;35;24105;Ituverava;38695;38695;37571
SP;35;24204;Jaborandi;6592;6592;6221
SP;35;24303;Jaboticabal;71662;71662;71821
SP;35;24402;Jacareí;211214;211214;240275
SP;35;24501;Jaci;5657;5657;7613
SP;35;24600;Jacupiranga;17208;17208;16097
SP;35;24709;Jaguariúna;44311;44311;59347
SP;35;24808;Jales;47012;47012;48776
SP;35;24907;Jambeiro;5349;5349;6397
SP;35;25003;Jandira;108344;108344;118045
SP;35;25102;Jardinópolis;37661;37661;45282
SP;35;25201;Jarinu;23847;23847;37535
SP;35;25300;Jaú;131040;131040;133497
SP;35;25409;Jeriquara;3160;3160;3863
SP;35;25508;Joanópolis;11768;11768;12815
SP;35;25607;João Ramalho;4150;4150;4371
SP;35;25706;José Bonifácio;32763;32763;36633
SP;35;25805;Júlio Mesquita;4430;4430;4254
SP;35;25854;Jumirim;2798;2798;3056
SP;35;25904;Jundiaí;370126;370126;443221
SP;35;26001;Junqueirópolis;18726;18726;20448
SP;35;26100;Juquiá;19246;19246;17154
SP;35;26209;Juquitiba;28737;28737;27404
SP;35;26308;Lagoinha;4841;4841;5083
SP;35;26407;Laranjal Paulista;25251;25251;26261
SP;35;26506;Lavínia;8779;8779;9689
SP;35;26605;Lavrinhas;6590;6590;7171
SP;35;26704;Leme;91756;91756;98161
SP;35;26803;Lençóis Paulista;61428;61428;66505
SP;35;26902;Limeira;276022;276022;291869
SP;35;27009;Lindóia;6712;6712;7014
SP;35;27108;Lins;71432;71432;74779
SP;35;27207;Lorena;82537;82537;84855
SP;35;27256;Lourdes;2128;2128;1950
SP;35;27306;Louveira;37125;37080;51847
SP;35;27405;Lucélia;19882;19882;20061
SP;35;27504;Lucianópolis;2249;2249;2372
SP;35;27603;Luís Antônio;11286;11286;12265
SP;35;27702;Luiziânia;5030;5030;4701
SP;35;27801;Lupércio;4353;4353;3981
SP;35;27900;Lutécia;2714;2714;2661
SP;35;28007;Macatuba;16259;16259;16829
SP;35;28106;Macaubal;7663;7663;7481
SP;35;28205;Macedônia;3664;3664;3963
SP;35;28304;Magda;3200;3200;3165
SP;35;28403;Mairinque;43223;43223;50027
SP;35;28502;Mairiporã;80956;80956;93853
SP;35;28601;Manduri;8992;8992;9871
SP;35;28700;Marabá Paulista;4812;4812;4573
SP;35;28809;Maracaí;13332;13332;12673
SP;35;28858;Marapoama;2633;2633;3292
SP;35;28908;Mariápolis;3916;3916;3513
SP;35;29005;Marília;216745;216745;237627
SP;35;29104;Marinópolis;2113;2113;1860
SP;35;29203;Martinópolis;24219;24219;24881
SP;35;29302;Matão;76786;76786;79033
SP;35;29401;Mauá;417064;416778;418261
SP;35;29500;Mendonça;4640;4640;6159
SP;35;29609;Meridiano;3855;3855;4572
SP;35;29658;Mesópolis;1886;1886;1952
SP;35;29708;Miguelópolis;20451;20451;19441
SP;35;29807;Mineiros do Tietê;12038;12038;11230
SP;35;29906;Miracatu;20592;20592;18553
SP;35;30003;Mira Estrela;2820;2820;3126
SP;35;30102;Mirandópolis;27483;27483;27983
SP;35;30201;Mirante do Paranapanema;17059;17059;15917
SP;35;30300;Mirassol;53792;53792;63337
SP;35;30409;Mirassolândia;4295;4295;4669
SP;35;30508;Mococa;66290;66290;67681
SP;35;30607;Mogi das Cruzes;387779;387779;451505
SP;35;30706;Mogi Guaçu;137245;137245;153658
SP;35;30805;Mogi Mirim;86505;86505;92558
SP;35;30904;Mombuca;3266;3266;3722
SP;35;31001;Monções;2132;2132;1937
SP;35;31100;Mongaguá;46293;46293;61951
SP;35;31209;Monte Alegre do Sul;7152;7152;8627
SP;35;31308;Monte Alto;46642;46642;47574
SP;35;31407;Monte Aprazível;21746;21746;22280
SP;35;31506;Monte Azul Paulista;18931;18931;18151
SP;35;31605;Monte Castelo;4063;4063;4222
SP;35;31704;Monteiro Lobato;4120;4120;4138
SP;35;31803;Monte Mor;48949;48949;64662
SP;35;31902;Morro Agudo;29116;29116;27933
SP;35;32009;Morungaba;11769;11769;13720
SP;35;32058;Motuca;4290;4290;4034
SP;35;32108;Murutinga do Sul;4186;4186;3737
SP;35;32157;Nantes;2707;2707;2660
SP;35;32207;Narandiba;4288;4288;5713
SP;35;32306;Natividade da Serra;6678;6678;6999
SP;35;32405;Nazaré Paulista;16414;16414;18217
SP;35;32504;Neves Paulista;8772;8772;9699
SP;35;32603;Nhandeara;10725;10725;9852
SP;35;32702;Nipoã;4274;4274;4750
SP;35;32801;Nova Aliança;5891;5891;6693
SP;35;32827;Nova Campina;8515;8515;8497
SP;35;32843;Nova Canaã Paulista;2114;2114;2032
SP;35;32868;Nova Castilho;1125;1125;1062
SP;35;32900;Nova Europa;9300;9300;9311
SP;35;33007;Nova Granada;19180;19180;19419
SP;35;33106;Nova Guataporanga;2177;2177;2156
SP;35;33205;Nova Independência;3068;3068;4609
SP;35;33254;Novais;4592;4592;4412
SP;35;33304;Nova Luzitânia;3441;3441;2837
SP;35;33403;Nova Odessa;51242;51242;62019
SP;35;33502;Novo Horizonte;36593;36593;38324
SP;35;33601;Nuporanga;6817;6817;7391
SP;35;33700;Ocauçu;4163;4163;4331
SP;35;33809;Óleo;2673;2673;2512
SP;35;33908;Olímpia;50024;50024;55074
SP;35;34005;Onda Verde;3884;3884;4771
SP;35;34104;Oriente;6097;6097;6085
SP;35;34203;Orindiúva;5675;5675;6024
SP;35;34302;Orlândia;39781;39781;38319
SP;35;34401;Osasco;666740;666740;728615
SP;35;34500;Oscar Bressane;2537;2537;2470
SP;35;34609;Osvaldo Cruz;30917;30917;31272
SP;35;34708;Ourinhos;103035;103035;103970
SP;35;34757;Ouroeste;8405;8405;10294
SP;35;34807;Ouro Verde;7800;7800;7779
SP;35;34906;Pacaembu;13226;13226;14877
SP;35;35002;Palestina;11051;11051;11476
SP;35;35101;Palmares Paulista;10934;10934;9650
SP;35;35200;Palmeira d'Oeste;9584;9584;8903
SP;35;35309;Palmital;21186;21186;19594
SP;35;35408;Panorama;14583;14583;14964
SP;35;35507;Paraguaçu Paulista;42278;42278;41120
SP;35;35606;Paraibuna;17388;17388;17667
SP;35;35705;Paraíso;5898;5898;6099
SP;35;35804;Paranapanema;17808;17808;19395
SP;35;35903;Paranapuã;3815;3815;4031
SP;35;36000;Parapuã;10844;10844;10580
SP;35;36109;Pardinho;5582;5582;7153
SP;35;36208;Pariquera-Açu;18446;18446;19233
SP;35;36257;Parisi;2032;2032;2892
SP;35;36307;Patrocínio Paulista;13000;13000;14512
SP;35;36406;Paulicéia;6339;6339;7955
SP;35;36505;Paulínia;82146;82146;110537
SP;35;36570;Paulistânia;1779;1779;2090
SP;35;36604;Paulo de Faria;8589;8589;7400
SP;35;36703;Pederneiras;41497;41497;44827
SP;35;36802;Pedra Bela;5780;5780;6557
SP;35;36901;Pedranópolis;2558;2558;2787
SP;35;37008;Pedregulho;15700;15700;15525
SP;35;37107;Pedreira;41558;41558;43112
SP;35;37156;Pedrinhas Paulista;2940;2940;2804
SP;35;37206;Pedro de Toledo;10204;10204;11281
SP;35;37305;Penápolis;58510;58510;61679
SP;35;37404;Pereira Barreto;24962;24962;24095
SP;35;37503;Pereiras;7454;7454;8737
SP;35;37602;Peruíbe;59773;59773;68352
SP;35;37701;Piacatu;5287;5287;5519
SP;35;37800;Piedade;52143;52143;52970
SP;35;37909;Pilar do Sul;26406;26406;27619
SP;35;38006;Pindamonhangaba;146995;146995;165428
SP;35;38105;Pindorama;15039;15039;14542
SP;35;38204;Pinhalzinho;13105;13105;15224
SP;35;38303;Piquerobi;3537;3537;3264
SP;35;38501;Piquete;14107;14107;12490
SP;35;38600;Piracaia;25116;25116;26029
SP;35;38709;Piracicaba;364571;364571;423323
SP;35;38808;Piraju;28475;28475;29436
SP;35;38907;Pirajuí;22704;22704;22431
SP;35;39004;Pirangi;10623;10623;10885
SP;35;39103;Pirapora do Bom Jesus;15733;15733;18370
SP;35;39202;Pirapozinho;24694;24694;25348
SP;35;39301;Pirassununga;70081;70081;73545
SP;35;39400;Piratininga;12072;12072;15108
SP;35;39509;Pitangueiras;35307;35307;33674
SP;35;39608;Planalto;4463;4463;4389
SP;35;39707;Platina;3192;3192;3025
SP;35;39806;Poá;106013;106013;103765
SP;35;39905;Poloni;5395;5395;5592
SP;35;40002;Pompéia;19964;19964;20196
SP;35;40101;Pongaí;3481;3481;3395
SP;35;40200;Pontal;40244;40244;37607
SP;35;40259;Pontalinda;4074;4074;4127
SP;35;40309;Pontes Gestal;2518;2518;2387
SP;35;40408;Populina;4223;4223;4127
SP;35;40507;Porangaba;8326;8326;10451
SP;35;40606;Porto Feliz;48893;48893;56497
SP;35;40705;Porto Ferreira;51400;51400;52649
SP;35;40754;Potim;19397;19397;20392
SP;35;40804;Potirendaba;15449;15449;18496
SP;35;40853;Pracinha;2858;2858;2578
SP;35;40903;Pradópolis;17377;17377;17078
SP;35;41000;Praia Grande;262051;262051;349935
SP;35;41059;Pratânia;4599;4599;5126
SP;35;41109;Presidente Alves;4123;4123;3804
SP;35;41208;Presidente Bernardes;13570;13570;14490
SP;35;41307;Presidente Epitácio;41318;41318;39505
SP;35;41406;Presidente Prudente;207610;207610;225668
SP;35;41505;Presidente Venceslau;37910;37910;35201
SP;35;41604;Promissão;35674;35674;35131
SP;35;41653;Quadra;3236;3236;3405
SP;35;41703;Quatá;12799;12799;13163
SP;35;41802;Queiroz;2808;2808;3265
SP;35;41901;Queluz;11309;11309;9159
SP;35;42008;Quintana;6004;6004;7038
SP;35;42107;Rafard;8612;8612;8965
SP;35;42206;Rancharia;28804;28804;28588
SP;35;42305;Redenção da Serra;3873;3873;4494
SP;35;42404;Regente Feijó;18494;18494;20145
SP;35;42503;Reginópolis;7323;7323;7662
SP;35;42602;Registro;54261;54261;59947
SP;35;42701;Restinga;6587;6587;6404
SP;35;42800;Ribeira;3358;3358;3132
SP;35;42909;Ribeirão Bonito;12135;12135;10989
SP;35;43006;Ribeirão Branco;18269;18269;18627
SP;35;43105;Ribeirão Corrente;4273;4273;4608
SP;35;43204;Ribeirão do Sul;4446;4446;4677
SP;35;43238;Ribeirão dos Índios;2187;2187;2025
SP;35;43253;Ribeirão Grande;7422;7422;7450
SP;35;43303;Ribeirão Pires;113068;113354;115559
SP;35;43402;Ribeirão Preto;604682;604682;698642
SP;35;43501;Riversul;6163;6163;5599
SP;35;43600;Rifaina;3436;3436;4049
SP;35;43709;Rincão;10414;10414;9098
SP;35;43808;Rinópolis;9935;9935;9259
SP;35;43907;Rio Claro;186253;186253;201418
SP;35;44004;Rio das Pedras;29501;29501;31328
SP;35;44103;Rio Grande da Serra;43974;43974;44170
SP;35;44202;Riolândia;10575;10575;10309
SP;35;44251;Rosana;19691;19691;17440
SP;35;44301;Roseira;9599;9599;10832
SP;35;44400;Rubiácea;2729;2729;2700
SP;35;44509;Rubinéia;2862;2862;3833
SP;35;44608;Sabino;5217;5217;5112
SP;35;44707;Sagres;2395;2395;2474
SP;35;44806;Sales;5451;5451;6437
SP;35;44905;Sales Oliveira;10568;10568;11411
SP;35;45001;Salesópolis;15635;15635;15202
SP;35;45100;Salmourão;4818;4818;4808
SP;35;45159;Saltinho;7059;7059;8161
SP;35;45209;Salto;105516;105516;134319
SP;35;45308;Salto de Pirapora;40132;40132;43748
SP;35;45407;Salto Grande;8787;8787;9050
SP;35;45506;Sandovalina;3699;3699;3645
SP;35;45605;Santa Adélia;14333;14333;14018
SP;35;45704;Santa Albertina;5723;5723;6393
SP;35;45803;Santa Bárbara d'Oeste;180009;180009;183347
SP;35;46009;Santa Branca;13763;13763;13975
SP;35;46108;Santa Clara d'Oeste;2084;2084;2598
SP;35;46207;Santa Cruz da Conceição;4002;4002;4277
SP;35;46256;Santa Cruz da Esperança;1953;1953;2116
SP;35;46306;Santa Cruz das Palmeiras;29932;29932;28864
SP;35;46405;Santa Cruz do Rio Pardo;43921;43921;46442
SP;35;46504;Santa Ernestina;5568;5568;6118
SP;35;46603;Santa Fé do Sul;29239;29239;34794
SP;35;46702;Santa Gertrudes;21634;21634;23611
SP;35;46801;Santa Isabel;50453;50453;53174
SP;35;46900;Santa Lúcia;8248;8248;7149
SP;35;47007;Santa Maria da Serra;5413;5413;5243
SP;35;47106;Santa Mercedes;2831;2831;2956
SP;35;47205;Santana da Ponte Pensa;1641;1641;1670
SP;35;47304;Santana de Parnaíba;108813;108813;154105
SP;35;47403;Santa Rita d'Oeste;2543;2543;2733
SP;35;47502;Santa Rita do Passa Quatro;26478;26478;24833
SP;35;47601;Santa Rosa de Viterbo;23862;23862;23411
SP;35;47650;Santa Salete;1447;1447;1645
SP;35;47700;Santo Anastácio;20475;20475;17963
SP;35;47809;Santo André;676407;676407;748919
SP;35;47908;Santo Antônio da Alegria;6304;6304;6775
SP;35;48005;Santo Antônio de Posse;20650;20650;23244
SP;35;48054;Santo Antônio do Aracanguá;7626;7626;8379
SP;35;48104;Santo Antônio do Jardim;5943;5943;6126
SP;35;48203;Santo Antônio do Pinhal;6486;6486;7133
SP;35;48302;Santo Expedito;2803;2803;3000
SP;35;48401;Santópolis do Aguapeí;4277;4277;3899
SP;35;48500;Santos;419400;419400;418608
SP;35;48609;São Bento do Sapucaí;10468;10468;11674
SP;35;48708;São Bernardo do Campo;765463;765463;810729
SP;35;48807;São Caetano do Sul;149263;149263;165655
SP;35;48906;São Carlos;221950;221950;254857
SP;35;49003;São Francisco;2793;2793;2602
SP;35;49102;São João da Boa Vista;83639;83639;92547
SP;35;49201;São João das Duas Pontes;2566;2566;2580
SP;35;49250;São João de Iracema;1780;1780;1846
SP;35;49300;São João do Pau d'Alho;2103;2103;2242
SP;35;49409;São Joaquim da Barra;46512;46512;48558
SP;35;49508;São José da Bela Vista;8406;8406;7626
SP;35;49607;São José do Barreiro;4077;4077;3853
SP;35;49706;São José do Rio Pardo;51900;51900;52205
SP;35;49805;São José do Rio Preto;408258;408258;480393
SP;35;49904;São José dos Campos;629921;629921;697054
SP;35;49953;São Lourenço da Serra;13973;13973;16067
SP;35;50001;São Luiz do Paraitinga;10397;10397;10337
SP;35;50100;São Manuel;38342;38342;37289
SP;35;50209;São Miguel Arcanjo;31450;31450;32039
SP;35;50308;São Paulo;11253503;11253503;11451999
SP;35;50407;São Pedro;31662;31662;38256
SP;35;50506;São Pedro do Turvo;7198;7198;7217
SP;35;50605;São Roque;78821;78821;79484
SP;35;50704;São Sebastião;73942;73942;81595
SP;35;50803;São Sebastião da Grama;12099;12099;10441
SP;35;50902;São Simão;14346;14346;13442
SP;35;51009;São Vicente;332445;332445;329911
SP;35;51108;Sarapuí;9027;9027;10369
SP;35;51207;Sarutaiá;3622;3622;3704
SP;35;51306;Sebastianópolis do Sul;3031;3031;3130
SP;35;51405;Serra Azul;11256;11256;12746
SP;35;51504;Serrana;38878;38878;43909
SP;35;51603;Serra Negra;26387;26387;29894
SP;35;51702;Sertãozinho;110074;110074;126887
SP;35;51801;Sete Barras;13005;13005;12730
SP;35;51900;Severínia;15501;15501;14576
SP;35;52007;Silveiras;5792;5792;6186
SP;35;52106;Socorro;36686;36686;40122
SP;35;52205;Sorocaba;586625;586816;723682
SP;35;52304;Sud Mennucci;7435;7435;7355
SP;35;52403;Sumaré;241311;239562;279545
SP;35;52502;Suzano;262480;262480;307429
SP;35;52551;Suzanápolis;3383;3383;3408
SP;35;52601;Tabapuã;11363;11363;11323
SP;35;52700;Tabatinga;14686;14686;14769
SP;35;52809;Taboão da Serra;244528;244528;273542
SP;35;52908;Taciba;5714;5714;6260
SP;35;53005;Taguaí;10828;10828;12669
SP;35;53104;Taiaçu;5894;5894;5677
SP;35;53203;Taiúva;5447;5447;6548
SP;35;53302;Tambaú;22406;22406;21435
SP;35;53401;Tanabi;24055;24055;25265
SP;35;53500;Tapiraí;8012;8012;7996
SP;35;53609;Tapiratiba;12737;12737;11816
SP;35;53658;Taquaral;2726;2726;2619
SP;35;53708;Taquaritinga;53988;53988;52260
SP;35;53807;Taquarituba;22291;22291;24350
SP;35;53856;Taquarivaí;5151;5151;6876
SP;35;53906;Tarabai;6607;6607;6536
SP;35;53955;Tarumã;12885;12885;14882
SP;35;54003;Tatuí;107326;107326;123942
SP;35;54102;Taubaté;278686;278686;310739
SP;35;54201;Tejupá;4809;4809;4127
SP;35;54300;Teodoro Sampaio;21386;21386;22173
SP;35;54409;Terra Roxa;8505;8505;7904
SP;35;54508;Tietê;36835;36835;37663
SP;35;54607;Timburi;2646;2646;2464
SP;35;54656;Torre de Pedra;2254;2254;2046
SP;35;54706;Torrinha;9330;9330;9335
SP;35;54755;Trabiju;1544;1544;1682
SP;35;54805;Tremembé;40984;40984;51173
SP;35;54904;Três Fronteiras;5427;5427;6804
SP;35;54953;Tuiuti;5930;5930;6778
SP;35;55000;Tupã;63476;63476;63928
SP;35;55109;Tupi Paulista;14269;14269;15854
SP;35;55208;Turiúba;1930;1930;1818
SP;35;55307;Turmalina;1978;1978;1669
SP;35;55356;Ubarana;5289;5289;5365
SP;35;55406;Ubatuba;78801;78801;92981
SP;35;55505;Ubirajara;4427;4427;5132
SP;35;55604;Uchoa;9471;9471;10394
SP;35;55703;União Paulista;1599;1599;1603
SP;35;55802;Urânia;8836;8836;8833
SP;35;55901;Uru;1251;1251;1387
SP;35;56008;Urupês;12714;12714;13744
SP;35;56107;Valentim Gentil;11036;11036;14098
SP;35;56206;Valinhos;106793;106793;126373
SP;35;56305;Valparaíso;22576;22576;24241
SP;35;56354;Vargem;8801;8801;10512
SP;35;56404;Vargem Grande do Sul;39266;39266;40133
SP;35;56453;Vargem Grande Paulista;42997;42997;50415
SP;35;56503;Várzea Paulista;107089;107089;115771
SP;35;56602;Vera Cruz;10769;10769;10176
SP;35;56701;Vinhedo;63611;63656;76540
SP;35;56800;Viradouro;17297;17297;17414
SP;35;56909;Vista Alegre do Alto;6886;6886;8109
SP;35;56958;Vitória Brasil;1737;1737;1794
SP;35;57006;Votorantim;108809;108618;127923
SP;35;57105;Votuporanga;84692;84692;96634
SP;35;57154;Zacarias;2335;2335;2692
SP;35;57204;Chavantes;12114;12114;12211
SP;35;57303;Estiva Gerbi;10044;10044;11295
PR;41;00103;Abatiá;7764;7764;7241
PR;41;00202;Adrianópolis;6376;6376;6256
PR;41;00301;Agudos do Sul;8270;8270;10233
PR;41;00400;Almirante Tamandaré;103204;103217;119825
PR;41;00459;Altamira do Paraná;4306;4306;3590
PR;41;00509;Altônia;20516;20516;18742
PR;41;00608;Alto Paraná;13663;13663;13909
PR;41;00707;Alto Piquiri;10179;10179;9727
PR;41;00806;Alvorada do Sul;10283;10283;10326
PR;41;00905;Amaporã;5443;5443;4762
PR;41;01002;Ampére;17308;17308;19620
PR;41;01051;Anahy;2874;2874;2918
PR;41;01101;Andirá;20610;20610;19878
PR;41;01150;Ângulo;2859;2859;3235
PR;41;01200;Antonina;18891;18891;18091
PR;41;01309;Antônio Olinto;7351;7351;7018
PR;41;01408;Apucarana;120919;120919;130134
PR;41;01507;Arapongas;104150;104150;119138
PR;41;01606;Arapoti;25855;25855;25777
PR;41;01655;Arapuã;3561;3557;3527
PR;41;01705;Araruna;13419;13419;14485
PR;41;01804;Araucária;119123;119123;151666
PR;41;01853;Ariranha do Ivaí;2453;2413;2329
PR;41;01903;Assaí;16354;16354;13797
PR;41;02000;Assis Chateaubriand;33025;33037;36808
PR;41;02109;Astorga;24698;24698;25475
PR;41;02208;Atalaia;3913;3913;3980
PR;41;02307;Balsa Nova;11300;11300;13395
PR;41;02406;Bandeirantes;32184;32184;31273
PR;41;02505;Barbosa Ferraz;12656;12656;10795
PR;41;02604;Barracão;9735;9735;9759
PR;41;02703;Barra do Jacaré;2727;2727;2814
PR;41;02752;Bela Vista da Caroba;3945;3945;4031
PR;41;02802;Bela Vista do Paraíso;15079;15079;14833
PR;41;02901;Bituruna;15880;16096;15533
PR;41;03008;Boa Esperança;4568;4560;4558
PR;41;03024;Boa Esperança do Iguaçu;2764;2764;2455
PR;41;03040;Boa Ventura de São Roque;6554;6472;6378
PR;41;03057;Boa Vista da Aparecida;7911;7939;7924
PR;41;03107;Bocaiúva do Sul;10987;10987;13299
PR;41;03156;Bom Jesus do Sul;3796;3796;3980
PR;41;03206;Bom Sucesso;6561;6561;6581
PR;41;03222;Bom Sucesso do Sul;3293;3293;3202
PR;41;03305;Borrazópolis;7878;7878;7735
PR;41;03354;Braganey;5735;5735;4854
PR;41;03370;Brasilândia do Sul;3209;3209;3708
PR;41;03404;Cafeara;2695;2695;2627
PR;41;03453;Cafelândia;14662;14662;18997
PR;41;03479;Cafezal do Sul;4290;4290;4473
PR;41;03503;Califórnia;8069;8069;8710
PR;41;03602;Cambará;23886;23886;23212
PR;41;03701;Cambé;96733;96987;107208
PR;41;03800;Cambira;7236;7236;9460
PR;41;03909;Campina da Lagoa;15394;15394;15723
PR;41;03958;Campina do Simão;4076;4076;3936
PR;41;04006;Campina Grande do Sul;38769;38769;47825
PR;41;04055;Campo Bonito;4407;4407;4027
PR;41;04105;Campo do Tenente;7125;7125;7508
PR;41;04204;Campo Largo;112377;112213;136327
PR;41;04253;Campo Magro;24843;24843;30160
PR;41;04303;Campo Mourão;87194;87177;99432
PR;41;04402;Cândido de Abreu;16655;16655;15244
PR;41;04428;Candói;14983;14983;14973
PR;41;04451;Cantagalo;12952;12952;10933
PR;41;04501;Capanema;18526;18526;20481
PR;41;04600;Capitão Leônidas Marques;14970;14998;14648
PR;41;04659;Carambeí;19163;19163;23283
PR;41;04709;Carlópolis;13706;13706;16905
PR;41;04808;Cascavel;286205;286177;348051
PR;41;04907;Castro;67084;67084;73075
PR;41;05003;Catanduvas;10202;10202;10446
PR;41;05102;Centenário do Sul;11190;11190;10832
PR;41;05201;Cerro Azul;16938;16938;16134
PR;41;05300;Céu Azul;11032;11032;11087
PR;41;05409;Chopinzinho;19679;19679;21085
PR;41;05508;Cianorte;69958;69958;79527
PR;41;05607;Cidade Gaúcha;11062;11062;11467
PR;41;05706;Clevelândia;17240;17240;15070
PR;41;05805;Colombo;212967;212994;232212
PR;41;05904;Colorado;22345;22349;22896
PR;41;06001;Congonhinhas;8279;8279;8320
PR;41;06100;Conselheiro Mairinck;3636;3636;3461
PR;41;06209;Contenda;15891;15891;19128
PR;41;06308;Corbélia;16312;16312;17470
PR;41;06407;Cornélio Procópio;46928;46928;45206
PR;41;06456;Coronel Domingos Soares;7238;7022;5649
PR;41;06506;Coronel Vivida;21749;21749;23331
PR;41;06555;Corumbataí do Sul;4002;4002;3760
PR;41;06571;Cruzeiro do Iguaçu;4278;4278;4133
PR;41;06605;Cruzeiro do Oeste;20416;20384;23831
PR;41;06704;Cruzeiro do Sul;4563;4563;4494
PR;41;06803;Cruz Machado;18040;18040;15978
PR;41;06852;Cruzmaltina;3162;3162;2892
PR;41;06902;Curitiba;1751907;1751907;1773718
PR;41;07009;Curiúva;13923;13923;13647
PR;41;07108;Diamante do Norte;5516;5516;5142
PR;41;07124;Diamante do Sul;3510;3510;3171
PR;41;07157;Diamante D'Oeste;5027;5027;4557
PR;41;07207;Dois Vizinhos;36179;36179;44869
PR;41;07256;Douradina;7445;7445;9161
PR;41;07306;Doutor Camargo;5828;5828;6327
PR;41;07405;Enéas Marques;6103;6103;5999
PR;41;07504;Engenheiro Beltrão;13906;13906;12454
PR;41;07520;Esperança Nova;1970;1970;1849
PR;41;07538;Entre Rios do Oeste;3926;3926;4575
PR;41;07546;Espigão Alto do Iguaçu;4677;4677;4797
PR;41;07553;Farol;3472;3472;3039
PR;41;07603;Faxinal;16314;16314;16389
PR;41;07652;Fazenda Rio Grande;81675;81675;148873
PR;41;07702;Fênix;4802;4802;4492
PR;41;07736;Fernandes Pinheiro;5932;5932;6255
PR;41;07751;Figueira;8293;8293;8062
PR;41;07801;Floraí;5050;5050;4792
PR;41;07850;Flor da Serra do Sul;4726;4798;4364
PR;41;07900;Floresta;5931;5931;10458
PR;41;08007;Florestópolis;11222;11222;11446
PR;41;08106;Flórida;2543;2543;2652
PR;41;08205;Formosa do Oeste;7541;7541;7635
PR;41;08304;Foz do Iguaçu;256088;256088;285415
PR;41;08320;Francisco Alves;6418;6418;8116
PR;41;08403;Francisco Beltrão;78943;78943;96666
PR;41;08452;Foz do Jordão;5420;5420;4926
PR;41;08502;General Carneiro;13669;13669;11062
PR;41;08551;Godoy Moreira;3337;3337;2977
PR;41;08601;Goioerê;29018;29018;28437
PR;41;08650;Goioxim;7503;7503;6566
PR;41;08700;Grandes Rios;6625;6625;5641
PR;41;08809;Guaíra;30704;30704;32097
PR;41;08908;Guairaçá;6197;6197;6587
PR;41;08957;Guamiranga;7900;7900;7856
PR;41;09005;Guapirama;3891;3891;4626
PR;41;09104;Guaporema;2219;2226;2191
PR;41;09203;Guaraci;5227;5135;4748
PR;41;09302;Guaraniaçu;14582;14582;13735
PR;41;09401;Guarapuava;167328;167414;182093
PR;41;09500;Guaraqueçaba;7871;7871;7430
PR;41;09609;Guaratuba;32095;32095;42062
PR;41;09658;Honório Serpa;5955;5955;4941
PR;41;09708;Ibaiti;28751;28813;28830
PR;41;09757;Ibema;6066;6066;6218
PR;41;09807;Ibiporã;48198;48198;51603
PR;41;09906;Icaraíma;8839;8839;8991
PR;41;10003;Iguaraçu;3982;3982;5338
PR;41;10052;Iguatu;2234;2234;2144
PR;41;10078;Imbaú;11274;11503;14249
PR;41;10102;Imbituva;28455;28455;29924
PR;41;10201;Inácio Martins;10943;10943;9670
PR;41;10300;Inajá;2988;2988;2536
PR;41;10409;Indianópolis;4299;4299;4448
PR;41;10508;Ipiranga;14150;14091;14142
PR;41;10607;Iporã;14981;14981;15746
PR;41;10656;Iracema do Oeste;2578;2578;2343
PR;41;10706;Irati;56207;56207;59250
PR;41;10805;Iretama;10622;10622;10684
PR;41;10904;Itaguajé;4568;4568;4481
PR;41;10953;Itaipulândia;9026;9026;11485
PR;41;11001;Itambaracá;6759;6759;5908
PR;41;11100;Itambé;5979;5979;6111
PR;41;11209;Itapejara d'Oeste;10531;10531;12344
PR;41;11258;Itaperuçu;23887;24044;31217
PR;41;11308;Itaúna do Sul;3583;3583;3572
PR;41;11407;Ivaí;12815;12815;13229
PR;41;11506;Ivaiporã;31816;31856;32720
PR;41;11555;Ivaté;7514;7514;6831
PR;41;11605;Ivatuba;3010;3010;2708
PR;41;11704;Jaboti;4902;4902;5427
PR;41;11803;Jacarezinho;39121;39121;40375
PR;41;11902;Jaguapitã;12225;12225;15122
PR;41;12009;Jaguariaíva;32606;32606;35141
PR;41;12108;Jandaia do Sul;20269;20269;21408
PR;41;12207;Janiópolis;6532;6532;5870
PR;41;12306;Japira;4903;4841;4972
PR;41;12405;Japurá;8549;8549;9144
PR;41;12504;Jardim Alegre;12324;12328;12004
PR;41;12603;Jardim Olinda;1409;1409;1343
PR;41;12702;Jataizinho;11875;11875;11813
PR;41;12751;Jesuítas;9001;9001;10506
PR;41;12801;Joaquim Távora;10736;10736;11945
PR;41;12900;Jundiaí do Sul;3433;3433;3333
PR;41;12959;Juranda;7641;7649;7771
PR;41;13007;Jussara;6610;6610;6690
PR;41;13106;Kaloré;4506;4506;4582
PR;41;13205;Lapa;44932;44932;45003
PR;41;13254;Laranjal;6360;6360;5600
PR;41;13304;Laranjeiras do Sul;30777;30801;32227
PR;41;13403;Leópolis;4145;4145;3752
PR;41;13429;Lidianópolis;3973;3973;3938
PR;41;13452;Lindoeste;5361;5335;5175
PR;41;13502;Loanda;21201;21201;23225
PR;41;13601;Lobato;4401;4401;4601
PR;41;13700;Londrina;506701;506447;555965
PR;41;13734;Luiziana;7315;7332;6690
PR;41;13759;Lunardelli;5160;5160;4872
PR;41;13809;Lupionópolis;4592;4592;4813
PR;41;13908;Mallet;12973;13156;13428
PR;41;14005;Mamborê;13961;13961;13452
PR;41;14104;Mandaguaçu;19781;19781;31457
PR;41;14203;Mandaguari;32658;32658;36716
PR;41;14302;Mandirituba;22220;22220;27439
PR;41;14351;Manfrinópolis;3127;3120;2770
PR;41;14401;Mangueirinha;17048;17048;16603
PR;41;14500;Manoel Ribas;13169;13169;14240
PR;41;14609;Marechal Cândido Rondon;46819;46819;55836
PR;41;14708;Maria Helena;5956;5956;5865
PR;41;14807;Marialva;31959;31959;41851
PR;41;14906;Marilândia do Sul;8863;8863;8677
PR;41;15002;Marilena;6858;6858;7253
PR;41;15101;Mariluz;10224;10224;9847
PR;41;15200;Maringá;357077;355432;409657
PR;41;15309;Mariópolis;6268;6268;6371
PR;41;15358;Maripá;5684;5684;6555
PR;41;15408;Marmeleiro;13900;13900;15901
PR;41;15457;Marquinho;4981;4928;4504
PR;41;15507;Marumbi;4603;4603;4699
PR;41;15606;Matelândia;16078;16078;18450
PR;41;15705;Matinhos;29428;29428;39259
PR;41;15739;Mato Rico;3818;3818;3267
PR;41;15754;Mauá da Serra;8555;8555;9383
PR;41;15804;Medianeira;41817;41817;54369
PR;41;15853;Mercedes;5046;5046;5931
PR;41;15903;Mirador;2327;2327;2238
PR;41;16000;Miraselva;1862;1862;1966
PR;41;16059;Missal;10474;10474;11064
PR;41;16109;Moreira Sales;12606;12606;11175
PR;41;16208;Morretes;15718;15718;18309
PR;41;16307;Munhoz de Melo;3672;3672;3951
PR;41;16406;Nossa Senhora das Graças;3836;3928;3669
PR;41;16505;Nova Aliança do Ivaí;1431;1431;1323
PR;41;16604;Nova América da Colina;3478;3478;3280
PR;41;16703;Nova Aurora;11866;11866;13765
PR;41;16802;Nova Cantu;7425;7425;6790
PR;41;16901;Nova Esperança;26615;26615;26585
PR;41;16950;Nova Esperança do Sudoeste;5098;5098;5597
PR;41;17008;Nova Fátima;8147;8147;7225
PR;41;17057;Nova Laranjeiras;11241;11759;12074
PR;41;17107;Nova Londrina;13067;13067;12923
PR;41;17206;Nova Olímpia;5503;5503;5833
PR;41;17214;Nova Santa Bárbara;3908;3912;4184
PR;41;17222;Nova Santa Rosa;7626;7626;8322
PR;41;17255;Nova Prata do Iguaçu;10377;10377;12699
PR;41;17271;Nova Tebas;7398;7398;6848
PR;41;17297;Novo Itacolomi;2827;2827;3125
PR;41;17305;Ortigueira;23380;23380;24192
PR;41;17404;Ourizona;3380;3380;3187
PR;41;17453;Ouro Verde do Oeste;5692;5692;6785
PR;41;17503;Paiçandu;35936;35936;45962
PR;41;17602;Palmas;42888;42888;48247
PR;41;17701;Palmeira;32123;32133;33855
PR;41;17800;Palmital;14865;14865;13033
PR;41;17909;Palotina;28683;28683;35011
PR;41;18006;Paraíso do Norte;11772;11772;13245
PR;41;18105;Paranacity;10250;10250;9557
PR;41;18204;Paranaguá;140469;140469;145829
PR;41;18303;Paranapoema;2791;2791;2398
PR;41;18402;Paranavaí;81590;81590;92001
PR;41;18451;Pato Bragado;4822;4822;5733
PR;41;18501;Pato Branco;72370;72370;91836
PR;41;18600;Paula Freitas;5434;5434;5666
PR;41;18709;Paulo Frontin;6913;6808;6343
PR;41;18808;Peabiru;13624;13624;13346
PR;41;18857;Perobal;5653;5691;7189
PR;41;18907;Pérola;10208;10208;11878
PR;41;19004;Pérola d'Oeste;6761;6761;6221
PR;41;19103;Piên;11236;11236;13655
PR;41;19152;Pinhais;117008;117253;127019
PR;41;19202;Pinhalão;6215;6215;6566
PR;41;19251;Pinhal de São Bento;2625;2625;2761
PR;41;19301;Pinhão;30208;30208;29886
PR;41;19400;Piraí do Sul;23424;23413;23651
PR;41;19509;Piraquara;93207;92962;118730
PR;41;19608;Pitanga;32638;32638;33567
PR;41;19657;Pitangueiras;2814;2814;3046
PR;41;19707;Planaltina do Paraná;4095;4095;4070
PR;41;19806;Planalto;13654;13654;14374
PR;41;19905;Ponta Grossa;311611;311601;358371
PR;41;19954;Pontal do Paraná;20920;20920;30425
PR;41;20002;Porecatu;14189;14189;11624
PR;41;20101;Porto Amazonas;4514;4514;4098
PR;41;20150;Porto Barreiro;3663;3663;3110
PR;41;20200;Porto Rico;2530;2530;3182
PR;41;20309;Porto Vitória;4020;4020;3562
PR;41;20333;Prado Ferreira;3434;3434;3709
PR;41;20358;Pranchita;5628;5628;5737
PR;41;20408;Presidente Castelo Branco;4784;4784;4336
PR;41;20507;Primeiro de Maio;10832;10832;10082
PR;41;20606;Prudentópolis;48792;48709;49393
PR;41;20655;Quarto Centenário;4856;4856;4201
PR;41;20705;Quatiguá;7045;7045;8099
PR;41;20804;Quatro Barras;19851;19851;24191
PR;41;20853;Quatro Pontes;3803;3803;4480
PR;41;20903;Quedas do Iguaçu;30605;30605;30738
PR;41;21000;Querência do Norte;11729;11729;10685
PR;41;21109;Quinta do Sol;5088;5088;5001
PR;41;21208;Quitandinha;17089;17089;18398
PR;41;21257;Ramilândia;4134;4134;4221
PR;41;21307;Rancho Alegre;3955;3955;3512
PR;41;21356;Rancho Alegre D'Oeste;2847;2847;2618
PR;41;21406;Realeza;16338;16338;19247
PR;41;21505;Rebouças;14176;14176;14514
PR;41;21604;Renascença;6812;6812;6845
PR;41;21703;Reserva;25172;24943;24573
PR;41;21752;Reserva do Iguaçu;7307;7307;6553
PR;41;21802;Ribeirão Claro;10678;10678;12364
PR;41;21901;Ribeirão do Pinhal;13524;13524;13060
PR;41;22008;Rio Azul;14093;14015;14025
PR;41;22107;Rio Bom;3334;3334;3197
PR;41;22156;Rio Bonito do Iguaçu;13661;13143;13929
PR;41;22172;Rio Branco do Ivaí;3898;3898;3808
PR;41;22206;Rio Branco do Sul;30650;30617;37558
PR;41;22305;Rio Negro;31274;31274;31324
PR;41;22404;Rolândia;57862;57862;71670
PR;41;22503;Roncador;11537;11537;11251
PR;41;22602;Rondon;8996;8989;9097
PR;41;22651;Rosário do Ivaí;5588;5588;5435
PR;41;22701;Sabáudia;6096;6096;8822
PR;41;22800;Salgado Filho;4403;4338;4075
PR;41;22909;Salto do Itararé;5178;5178;5192
PR;41;23006;Salto do Lontra;13689;13689;15223
PR;41;23105;Santa Amélia;3803;3803;3394
PR;41;23204;Santa Cecília do Pavão;3646;3642;3365
PR;41;23303;Santa Cruz de Monte Castelo;8092;8092;8613
PR;41;23402;Santa Fé;10432;10432;11378
PR;41;23501;Santa Helena;23413;23413;25492
PR;41;23600;Santa Inês;1818;1842;1748
PR;41;23709;Santa Isabel do Ivaí;8760;8760;8912
PR;41;23808;Santa Izabel do Oeste;13132;13132;14070
PR;41;23824;Santa Lúcia;3925;3923;3644
PR;41;23857;Santa Maria do Oeste;11500;11316;9934
PR;41;23907;Santa Mariana;12435;12435;11066
PR;41;23956;Santa Mônica;3571;3571;3356
PR;41;24004;Santana do Itararé;5249;5249;5514
PR;41;24020;Santa Tereza do Oeste;10332;10332;13174
PR;41;24053;Santa Terezinha de Itaipu;20841;20841;24262
PR;41;24103;Santo Antônio da Platina;42707;42707;44369
PR;41;24202;Santo Antônio do Caiuá;2727;2727;2493
PR;41;24301;Santo Antônio do Paraíso;2408;2408;2125
PR;41;24400;Santo Antônio do Sudoeste;18893;18893;23673
PR;41;24509;Santo Inácio;5269;5241;6181
PR;41;24608;São Carlos do Ivaí;6354;6354;6587
PR;41;24707;São Jerônimo da Serra;11337;11337;10830
PR;41;24806;São João;10599;10599;11886
PR;41;24905;São João do Caiuá;5911;5911;5586
PR;41;25001;São João do Ivaí;11525;11525;10667
PR;41;25100;São João do Triunfo;13704;13704;13726
PR;41;25209;São Jorge d'Oeste;9085;9085;9378
PR;41;25308;São Jorge do Ivaí;5517;5517;5168
PR;41;25357;São Jorge do Patrocínio;6041;6041;6504
PR;41;25407;São José da Boa Vista;6511;6511;6040
PR;41;25456;São José das Palmeiras;3830;3830;3957
PR;41;25506;São José dos Pinhais;264210;264210;329628
PR;41;25555;São Manoel do Paraná;2098;2098;2138
PR;41;25605;São Mateus do Sul;41257;41257;42366
PR;41;25704;São Miguel do Iguaçu;25769;25769;29122
PR;41;25753;São Pedro do Iguaçu;6491;6491;5784
PR;41;25803;São Pedro do Ivaí;10167;10167;8690
PR;41;25902;São Pedro do Paraná;2491;2491;2661
PR;41;26009;São Sebastião da Amoreira;8626;8626;8063
PR;41;26108;São Tomé;5349;5349;5232
PR;41;26207;Sapopema;6736;6736;6695
PR;41;26256;Sarandi;82847;84492;118455
PR;41;26272;Saudade do Iguaçu;5028;5028;6108
PR;41;26306;Sengés;18414;18414;17270
PR;41;26355;Serranópolis do Iguaçu;4568;4568;5007
PR;41;26405;Sertaneja;5817;5817;5616
PR;41;26504;Sertanópolis;15638;15638;15930
PR;41;26603;Siqueira Campos;18454;18454;22811
PR;41;26652;Sulina;3394;3394;3440
PR;41;26678;Tamarana;12262;12262;10707
PR;41;26702;Tamboara;4664;4664;4880
PR;41;26801;Tapejara;14598;14598;15869
PR;41;26900;Tapira;5836;5836;5745
PR;41;27007;Teixeira Soares;10283;10283;9547
PR;41;27106;Telêmaco Borba;69872;69872;75042
PR;41;27205;Terra Boa;15776;15776;17568
PR;41;27304;Terra Rica;15221;15221;14842
PR;41;27403;Terra Roxa;16759;16759;18119
PR;41;27502;Tibagi;19344;19403;19961
PR;41;27601;Tijucas do Sul;14537;14537;17621
PR;41;27700;Toledo;119313;119313;150470
PR;41;27809;Tomazina;8791;8791;8426
PR;41;27858;Três Barras do Paraná;11824;11824;11135
PR;41;27882;Tunas do Paraná;6256;6256;6219
PR;41;27908;Tuneiras do Oeste;8695;8695;8067
PR;41;27957;Tupãssi;7997;7985;8077
PR;41;27965;Turvo;13811;14074;14231
PR;41;28005;Ubiratã;21558;21558;24749
PR;41;28104;Umuarama;100676;100670;117095
PR;41;28203;União da Vitória;52735;52735;55033
PR;41;28302;Uniflor;2466;2466;2136
PR;41;28401;Uraí;11472;11472;10406
PR;41;28500;Wenceslau Braz;19298;19298;19188
PR;41;28534;Ventania;9957;9968;9681
PR;41;28559;Vera Cruz do Oeste;8973;8973;8215
PR;41;28609;Verê;7878;7878;7932
PR;41;28625;Alto Paraíso;3206;3206;3055
PR;41;28633;Doutor Ulysses;5727;5727;5697
PR;41;28658;Virmond;3950;3979;3811
PR;41;28708;Vitorino;6513;6513;9706
PR;41;28807;Xambrê;6012;6012;5798
SC;42;00051;Abdon Batista;2653;2653;2598
SC;42;00101;Abelardo Luz;17100;17100;17392
SC;42;00200;Agrolândia;9323;9323;10990
SC;42;00309;Agronômica;4904;4794;6055
SC;42;00408;Água Doce;6961;6961;6508
SC;42;00507;Águas de Chapecó;6110;6110;6036
SC;42;00556;Águas Frias;2424;2439;2839
SC;42;00606;Águas Mornas;5548;5548;6743
SC;42;00705;Alfredo Wagner;9410;9410;10481
SC;42;00754;Alto Bela Vista;2005;2005;1856
SC;42;00804;Anchieta;6380;6283;5943
SC;42;00903;Angelina;5250;5250;5358
SC;42;01000;Anita Garibaldi;8623;8623;8285
SC;42;01109;Anitápolis;3214;3218;3593
SC;42;01208;Antônio Carlos;7458;7458;11224
SC;42;01257;Apiúna;9600;9611;9811
SC;42;01273;Arabutã;4193;4193;4378
SC;42;01307;Araquari;24810;24810;45283
SC;42;01406;Araranguá;61310;61292;71922
SC;42;01505;Armazém;7753;7753;8834
SC;42;01604;Arroio Trinta;3502;3502;3556
SC;42;01653;Arvoredo;2260;2260;2510
SC;42;01703;Ascurra;7412;7403;8319
SC;42;01802;Atalanta;3300;3300;3227
SC;42;01901;Aurora;5549;5551;6780
SC;42;01950;Balneário Arroio do Silva;9586;9586;15820
SC;42;02008;Balneário Camboriú;108089;108089;139155
SC;42;02057;Balneário Barra do Sul;8430;8430;14912
SC;42;02073;Balneário Gaivota;8234;8234;15669
SC;42;02081;Bandeirante;2906;2906;3144
SC;42;02099;Barra Bonita;1878;1889;1668
SC;42;02107;Barra Velha;22386;22386;45369
SC;42;02131;Bela Vista do Toldo;6004;6004;5872
SC;42;02156;Belmonte;2635;2635;2658
SC;42;02206;Benedito Novo;10336;10338;10520
SC;42;02305;Biguaçu;58206;58206;76773
SC;42;02404;Blumenau;309011;308943;361261
SC;42;02438;Bocaina do Sul;3290;3290;3515
SC;42;02453;Bombinhas;14293;14293;25058
SC;42;02503;Bom Jardim da Serra;4395;4395;4026
SC;42;02537;Bom Jesus;2526;2526;2777
SC;42;02578;Bom Jesus do Oeste;2132;2138;2187
SC;42;02602;Bom Retiro;8942;8942;8418
SC;42;02701;Botuverá;4468;4470;5363
SC;42;02800;Braço do Norte;29018;29019;33773
SC;42;02859;Braço do Trombudo;3457;3451;4026
SC;42;02875;Brunópolis;2850;2850;2489
SC;42;02909;Brusque;105503;105503;141385
SC;42;03006;Caçador;70762;70762;73720
SC;42;03105;Caibi;6219;6214;6304
SC;42;03154;Calmon;3387;3387;3443
SC;42;03204;Camboriú;62361;62361;103074
SC;42;03253;Capão Alto;2753;2753;2625
SC;42;03303;Campo Alegre;11748;11748;12501
SC;42;03402;Campo Belo do Sul;7483;7483;7257
SC;42;03501;Campo Erê;9370;9370;9623
SC;42;03600;Campos Novos;32824;32819;36932
SC;42;03709;Canelinha;10603;10603;12821
SC;42;03808;Canoinhas;52765;52779;55016
SC;42;03907;Capinzal;20769;20769;23314
SC;42;03956;Capivari de Baixo;21674;21674;23975
SC;42;04004;Catanduvas;9555;9555;10566
SC;42;04103;Caxambu do Sul;4411;4411;4614
SC;42;04152;Celso Ramos;2771;2771;2805
SC;42;04178;Cerro Negro;3581;3581;3317
SC;42;04194;Chapadão do Lageado;2762;2767;2950
SC;42;04202;Chapecó;183530;183548;254785
SC;42;04251;Cocal do Sul;15159;15159;17240
SC;42;04301;Concórdia;68621;68625;81646
SC;42;04350;Cordilheira Alta;3767;3771;4781
SC;42;04400;Coronel Freitas;10213;10184;10388
SC;42;04459;Coronel Martins;2458;2458;2065
SC;42;04509;Corupá;13852;13852;15267
SC;42;04558;Correia Pinto;14785;14785;15727
SC;42;04608;Criciúma;192308;192305;214493
SC;42;04707;Cunha Porã;10613;10609;10953
SC;42;04756;Cunhataí;1882;1884;1968
SC;42;04806;Curitibanos;37748;37748;40045
SC;42;04905;Descanso;8634;8634;8530
SC;42;05001;Dionísio Cerqueira;14811;14811;15008
SC;42;05100;Dona Emma;3721;3715;4221
SC;42;05159;Doutor Pedrinho;3604;3539;3637
SC;42;05175;Entre Rios;3018;3018;3402
SC;42;05191;Ermo;2050;2050;2269
SC;42;05209;Erval Velho;4352;4290;4885
SC;42;05308;Faxinal dos Guedes;10661;10661;11192
SC;42;05357;Flor do Sertão;1588;1588;1783
SC;42;05407;Florianópolis;421240;421240;537211
SC;42;05431;Formosa do Sul;2601;2601;2682
SC;42;05456;Forquilhinha;22548;22548;31431
SC;42;05506;Fraiburgo;34553;34556;33481
SC;42;05555;Frei Rogério;2474;2474;2411
SC;42;05605;Galvão;3472;3567;3210
SC;42;05704;Garopaba;18138;18138;29959
SC;42;05803;Garuva;14761;14761;18545
SC;42;05902;Gaspar;57981;57990;72570
SC;42;06009;Governador Celso Ramos;12999;12999;16915
SC;42;06108;Grão-Pará;6223;6223;6277
SC;42;06207;Gravatal;10635;10618;12435
SC;42;06306;Guabiruba;18430;18430;24543
SC;42;06405;Guaraciaba;10498;10498;10796
SC;42;06504;Guaramirim;35172;35172;46711
SC;42;06603;Guarujá do Sul;4908;4908;4829
SC;42;06652;Guatambú;4679;4679;8425
SC;42;06702;Herval d'Oeste;21239;21246;21724
SC;42;06751;Ibiam;1945;1945;2008
SC;42;06801;Ibicaré;3373;3373;3269
SC;42;06900;Ibirama;17330;17315;19862
SC;42;07007;Içara;58833;47982;59035
SC;42;07106;Ilhota;12355;12355;17046
SC;42;07205;Imaruí;11672;11673;11881
SC;42;07304;Imbituba;40170;40170;52579
SC;42;07403;Imbuia;5707;5699;5982
SC;42;07502;Indaial;54854;54854;71549
SC;42;07577;Iomerê;2739;2739;2877
SC;42;07601;Ipira;4752;4735;4578
SC;42;07650;Iporã do Oeste;8409;8400;9335
SC;42;07684;Ipuaçu;6798;6798;7730
SC;42;07700;Ipumirim;7220;7220;7816
SC;42;07759;Iraceminha;4253;4257;3986
SC;42;07809;Irani;9531;9531;10195
SC;42;07858;Irati;2096;2096;2069
SC;42;07908;Irineópolis;10448;10434;10285
SC;42;08005;Itá;6426;6426;7067
SC;42;08104;Itaiópolis;20301;20301;22051
SC;42;08203;Itajaí;183373;183373;264054
SC;42;08302;Itapema;45797;45797;75940
SC;42;08401;Itapiranga;15409;15371;16638
SC;42;08450;Itapoá;14763;14763;30750
SC;42;08500;Ituporanga;22250;22226;26525
SC;42;08609;Jaborá;4041;4041;4310
SC;42;08708;Jacinto Machado;10609;10608;10624
SC;42;08807;Jaguaruna;17290;17290;20375
SC;42;08906;Jaraguá do Sul;143123;143132;182660
SC;42;08955;Jardinópolis;1766;1769;1776
SC;42;09003;Joaçaba;27020;27020;30146
SC;42;09102;Joinville;515288;515288;616317
SC;42;09151;José Boiteux;4721;4812;5985
SC;42;09177;Jupiá;2148;2148;2555
SC;42;09201;Lacerdópolis;2199;2199;2248
SC;42;09300;Lages;156727;156727;164981
SC;42;09409;Laguna;51562;42255;42785
SC;42;09458;Lajeado Grande;1490;1490;1702
SC;42;09508;Laurentino;6004;6007;7932
SC;42;09607;Lauro Müller;14367;14367;14381
SC;42;09706;Lebon Régis;11838;11838;11472
SC;42;09805;Leoberto Leal;3365;3365;3330
SC;42;09854;Lindóia do Sul;4642;4642;4549
SC;42;09904;Lontras;10244;10244;12873
SC;42;10001;Luiz Alves;10438;10405;11684
SC;42;10035;Luzerna;5600;5600;5794
SC;42;10050;Macieira;1826;1826;1778
SC;42;10100;Mafra;52912;52912;55286
SC;42;10209;Major Gercino;3279;3279;3214
SC;42;10308;Major Vieira;7479;7479;7425
SC;42;10407;Maracajá;6404;6404;7815
SC;42;10506;Maravilha;22101;22116;28251
SC;42;10555;Marema;2203;2203;2184
SC;42;10605;Massaranduba;14674;14736;17162
SC;42;10704;Matos Costa;2839;2839;2761
SC;42;10803;Meleiro;7000;7018;7006
SC;42;10852;Mirim Doce;2513;2513;2511
SC;42;10902;Modelo;4045;4057;4080
SC;42;11009;Mondaí;10231;10205;10066
SC;42;11058;Monte Carlo;9312;9337;9117
SC;42;11108;Monte Castelo;8346;8194;7736
SC;42;11207;Morro da Fumaça;16126;16126;18537
SC;42;11256;Morro Grande;2890;2890;3010
SC;42;11306;Navegantes;60556;60556;86401
SC;42;11405;Nova Erechim;4275;4275;5155
SC;42;11454;Nova Itaberaba;4267;4278;4536
SC;42;11504;Nova Trento;12190;12190;13727
SC;42;11603;Nova Veneza;13309;13312;13664
SC;42;11652;Novo Horizonte;2750;2750;2643
SC;42;11702;Orleans;21393;21393;23661
SC;42;11751;Otacílio Costa;16337;16337;17312
SC;42;11801;Ouro;7372;7376;7032
SC;42;11850;Ouro Verde;2271;2271;2181
SC;42;11876;Paial;1763;1763;1927
SC;42;11892;Painel;2353;2353;2215
SC;42;11900;Palhoça;137334;137334;222598
SC;42;12007;Palma Sola;7765;7765;7605
SC;42;12056;Palmeira;2373;2373;2561
SC;42;12106;Palmitos;16020;16020;15626
SC;42;12205;Papanduva;17928;18080;19150
SC;42;12239;Paraíso;4080;4080;4267
SC;42;12254;Passo de Torres;6627;6627;12897
SC;42;12270;Passos Maia;4425;4425;4034
SC;42;12304;Paulo Lopes;6692;6692;9063
SC;42;12403;Pedras Grandes;4107;4120;4245
SC;42;12502;Penha;25141;25141;33663
SC;42;12601;Peritiba;2988;2988;2992
SC;42;12650;Pescaria Brava;0;9307;10190
SC;42;12700;Petrolândia;6131;6136;6716
SC;42;12809;Balneário Piçarras;17078;17078;27127
SC;42;12908;Pinhalzinho;16332;16346;21972
SC;42;13005;Pinheiro Preto;3147;3127;3473
SC;42;13104;Piratuba;4786;4786;5769
SC;42;13153;Planalto Alegre;2654;2650;2946
SC;42;13203;Pomerode;27759;27778;34289
SC;42;13302;Ponte Alta;4894;4894;4437
SC;42;13351;Ponte Alta do Norte;3303;3303;3210
SC;42;13401;Ponte Serrada;11031;11031;10649
SC;42;13500;Porto Belo;16083;16083;27688
SC;42;13609;Porto União;33493;33493;32970
SC;42;13708;Pouso Redondo;14810;14810;17123
SC;42;13807;Praia Grande;7267;7262;8270
SC;42;13906;Presidente Castello Branco;1725;1734;1689
SC;42;14003;Presidente Getúlio;14887;14883;20010
SC;42;14102;Presidente Nereu;2284;2284;2301
SC;42;14151;Princesa;2758;2758;2964
SC;42;14201;Quilombo;10248;10248;11022
SC;42;14300;Rancho Queimado;2748;2744;3279
SC;42;14409;Rio das Antas;6143;6129;6253
SC;42;14508;Rio do Campo;6192;6192;6452
SC;42;14607;Rio do Oeste;7090;7072;7747
SC;42;14706;Rio dos Cedros;10284;10286;10865
SC;42;14805;Rio do Sul;61198;61297;72587
SC;42;14904;Rio Fortuna;4446;4446;4847
SC;42;15000;Rio Negrinho;39846;39851;39261
SC;42;15059;Rio Rufino;2436;2436;2397
SC;42;15075;Riqueza;4838;4860;4768
SC;42;15109;Rodeio;10922;10922;12757
SC;42;15208;Romelândia;5551;5637;4823
SC;42;15307;Salete;7370;7370;7489
SC;42;15356;Saltinho;3961;3966;3632
SC;42;15406;Salto Veloso;4301;4301;4390
SC;42;15455;Sangão;10400;10400;12882
SC;42;15505;Santa Cecília;15757;15757;15546
SC;42;15554;Santa Helena;2382;2395;2425
SC;42;15604;Santa Rosa de Lima;2065;2065;2088
SC;42;15653;Santa Rosa do Sul;8054;8043;9792
SC;42;15679;Santa Terezinha;8767;8767;8066
SC;42;15687;Santa Terezinha do Progresso;2896;2896;2576
SC;42;15695;Santiago do Sul;1465;1465;1651
SC;42;15703;Santo Amaro da Imperatriz;19823;19823;27272
SC;42;15752;São Bernardino;2677;2744;2684
SC;42;15802;São Bento do Sul;74801;74796;83277
SC;42;15901;São Bonifácio;3008;3008;2946
SC;42;16008;São Carlos;10291;10291;10282
SC;42;16057;São Cristóvão do Sul;5012;5012;6084
SC;42;16107;São Domingos;9491;9396;9226
SC;42;16206;São Francisco do Sul;42520;42520;52674
SC;42;16255;São João do Oeste;6036;6080;6295
SC;42;16305;São João Batista;26260;26260;32687
SC;42;16354;São João do Itaperiú;3435;3435;4463
SC;42;16404;São João do Sul;7002;7018;8668
SC;42;16503;São Joaquim;24812;24812;25939
SC;42;16602;São José;209804;209804;270299
SC;42;16701;São José do Cedro;13684;13684;14167
SC;42;16800;São José do Cerrito;9273;9273;8708
SC;42;16909;São Lourenço do Oeste;21792;21725;24791
SC;42;17006;São Ludgero;10993;10998;13509
SC;42;17105;São Martinho;3209;3209;3405
SC;42;17154;São Miguel da Boa Vista;1904;1909;1781
SC;42;17204;São Miguel do Oeste;36306;36306;44330
SC;42;17253;São Pedro de Alcântara;4704;4704;5776
SC;42;17303;Saudades;9016;8994;10265
SC;42;17402;Schroeder;15316;15316;20061
SC;42;17501;Seara;16936;16936;18620
SC;42;17550;Serra Alta;3285;3272;3303
SC;42;17600;Siderópolis;12998;12998;13714
SC;42;17709;Sombrio;26613;26613;29991
SC;42;17758;Sul Brasil;2766;2768;2832
SC;42;17808;Taió;17260;17260;18310
SC;42;17907;Tangará;8674;8665;8143
SC;42;17956;Tigrinhos;1757;1730;2329
SC;42;18004;Tijucas;30960;30960;51592
SC;42;18103;Timbé do Sul;5308;5308;5386
SC;42;18202;Timbó;36774;36774;46099
SC;42;18251;Timbó Grande;7167;7167;7342
SC;42;18301;Três Barras;18129;18129;19746
SC;42;18350;Treviso;3527;3527;3782
SC;42;18400;Treze de Maio;6876;6859;7362
SC;42;18509;Treze Tílias;6341;6341;8787
SC;42;18608;Trombudo Central;6553;6567;7274
SC;42;18707;Tubarão;97235;97249;110088
SC;42;18756;Tunápolis;4633;4633;4916
SC;42;18806;Turvo;11854;11855;13043
SC;42;18855;União do Oeste;2910;2892;2774
SC;42;18905;Urubici;10699;10699;10834
SC;42;18954;Urupema;2482;2482;2656
SC;42;19002;Urussanga;20223;20223;20919
SC;42;19101;Vargeão;3532;3532;3634
SC;42;19150;Vargem;2808;2843;2627
SC;42;19176;Vargem Bonita;4793;4793;4576
SC;42;19200;Vidal Ramos;6290;6310;6189
SC;42;19309;Videira;47188;47228;55466
SC;42;19358;Vitor Meireles;5207;5222;5370
SC;42;19408;Witmarsum;3600;3596;4255
SC;42;19507;Xanxerê;44128;44128;51607
SC;42;19606;Xavantina;4142;4142;3653
SC;42;19705;Xaxim;25713;25713;31918
SC;42;19853;Zortéa;2991;2991;3930
SC;42;20000;Balneário Rincão;0;10851;15981
RS;43;00034;Aceguá;4394;4394;4170
RS;43;00059;Água Santa;3722;3722;3912
RS;43;00109;Agudo;16722;16722;16041
RS;43;00208;Ajuricaba;7255;7255;6720
RS;43;00307;Alecrim;7045;7045;6123
RS;43;00406;Alegrete;77653;77653;72409
RS;43;00455;Alegria;4301;4294;3651
RS;43;00471;Almirante Tamandaré do Sul;2067;2067;1969
RS;43;00505;Alpestre;8027;8027;7117
RS;43;00554;Alto Alegre;1848;1848;1800
RS;43;00570;Alto Feliz;2917;2891;3072
RS;43;00604;Alvorada;195673;195673;187315
RS;43;00638;Amaral Ferrador;6353;6353;5310
RS;43;00646;Ametista do Sul;7323;7323;7650
RS;43;00661;André da Rocha;1216;1216;1135
RS;43;00703;Anta Gorda;6073;6066;5957
RS;43;00802;Antônio Prado;12833;12831;13045
RS;43;00851;Arambaré;3693;3693;4112
RS;43;00877;Araricá;4864;4864;8525
RS;43;00901;Aratiba;6565;6565;6483
RS;43;01008;Arroio do Meio;18783;18783;21958
RS;43;01057;Arroio do Sal;7740;7740;11057
RS;43;01073;Arroio do Padre;2730;2730;2599
RS;43;01107;Arroio dos Ratos;13606;13606;14601
RS;43;01206;Arroio do Tigre;12648;12708;12058
RS;43;01305;Arroio Grande;18470;18470;17558
RS;43;01404;Arvorezinha;10225;10194;10322
RS;43;01503;Augusto Pestana;7096;7116;7149
RS;43;01552;Áurea;3665;3665;3396
RS;43;01602;Bagé;116794;116794;117938
RS;43;01636;Balneário Pinhal;10856;10856;14955
RS;43;01651;Barão;5741;5735;6461
RS;43;01701;Barão de Cotegipe;6529;6526;7144
RS;43;01750;Barão do Triunfo;7018;7018;5889
RS;43;01800;Barracão;5357;5357;4831
RS;43;01859;Barra do Guarita;3089;3089;3161
RS;43;01875;Barra do Quaraí;4012;4012;4241
RS;43;01909;Barra do Ribeiro;12572;12572;12225
RS;43;01925;Barra do Rio Azul;2003;2003;1696
RS;43;01958;Barra Funda;2367;2367;2498
RS;43;02006;Barros Cassal;11133;11133;9296
RS;43;02055;Benjamin Constant do Sul;2307;2307;2082
RS;43;02105;Bento Gonçalves;107278;104659;123151
RS;43;02154;Boa Vista das Missões;2114;2114;1933
RS;43;02204;Boa Vista do Buricá;6574;6574;6966
RS;43;02220;Boa Vista do Cadeado;2441;2441;2229
RS;43;02238;Boa Vista do Incra;2425;2425;2271
RS;43;02253;Boa Vista do Sul;2776;2776;2779
RS;43;02303;Bom Jesus;11519;11519;11202
RS;43;02352;Bom Princípio;11789;11789;13142
RS;43;02378;Bom Progresso;2328;2328;2096
RS;43;02402;Bom Retiro do Sul;11472;11472;12294
RS;43;02451;Boqueirão do Leão;7673;7673;6247
RS;43;02501;Bossoroca;6884;6884;5890
RS;43;02584;Bozano;2200;2200;2151
RS;43;02600;Braga;3702;3702;3268
RS;43;02659;Brochier;4675;4675;4966
RS;43;02709;Butiá;20406;20406;19084
RS;43;02808;Caçapava do Sul;33690;33690;32515
RS;43;02907;Cacequi;13676;13676;11157
RS;43;03004;Cachoeira do Sul;83827;83827;80070
RS;43;03103;Cachoeirinha;118278;118278;136258
RS;43;03202;Cacique Doble;4868;4868;4603
RS;43;03301;Caibaté;4954;4967;4704
RS;43;03400;Caiçara;5071;5071;4836
RS;43;03509;Camaquã;62764;62764;62200
RS;43;03558;Camargo;2592;2592;2981
RS;43;03608;Cambará do Sul;6542;6542;6361
RS;43;03673;Campestre da Serra;3247;3247;3242
RS;43;03707;Campina das Missões;6117;6117;5882
RS;43;03806;Campinas do Sul;5506;5506;5284
RS;43;03905;Campo Bom;60074;62091;62886
RS;43;04002;Campo Novo;5459;5459;4975
RS;43;04101;Campos Borges;3494;3494;3613
RS;43;04200;Candelária;30171;30171;28906
RS;43;04309;Cândido Godói;6535;6535;6294
RS;43;04358;Candiota;8771;8771;10710
RS;43;04408;Canela;39229;39227;48946
RS;43;04507;Canguçu;53259;53259;49680
RS;43;04606;Canoas;323827;323827;347657
RS;43;04614;Canudos do Vale;1807;1809;1656
RS;43;04622;Capão Bonito do Sul;1754;1754;1733
RS;43;04630;Capão da Canoa;42040;42040;63594
RS;43;04655;Capão do Cipó;3104;3104;3119
RS;43;04663;Capão do Leão;24298;24298;26487
RS;43;04671;Capivari do Sul;3890;3890;3991
RS;43;04689;Capela de Santana;11612;10462;11159
RS;43;04697;Capitão;2636;2636;2921
RS;43;04705;Carazinho;59317;59317;61804
RS;43;04713;Caraá;7312;7312;7394
RS;43;04804;Carlos Barbosa;25192;25162;30420
RS;43;04853;Carlos Gomes;1607;1607;1368
RS;43;04903;Casca;8651;8651;9465
RS;43;04952;Caseiros;3007;3007;3000
RS;43;05009;Catuípe;9323;9325;8674
RS;43;05108;Caxias do Sul;435564;435551;463501
RS;43;05116;Centenário;2965;2965;2721
RS;43;05124;Cerrito;6402;6402;5808
RS;43;05132;Cerro Branco;4454;4454;3802
RS;43;05157;Cerro Grande;2417;2417;2379
RS;43;05173;Cerro Grande do Sul;10268;10268;9178
RS;43;05207;Cerro Largo;13289;13289;13705
RS;43;05306;Chapada;9377;9377;9540
RS;43;05355;Charqueadas;35320;35320;35012
RS;43;05371;Charrua;3471;3471;2768
RS;43;05405;Chiapetta;4044;4044;3913
RS;43;05439;Chuí;5917;5917;6262
RS;43;05447;Chuvisca;4944;4944;4597
RS;43;05454;Cidreira;12668;12668;17071
RS;43;05504;Ciríaco;4922;4922;4149
RS;43;05587;Colinas;2420;2452;2423
RS;43;05603;Colorado;3550;3550;3258
RS;43;05702;Condor;6552;6552;6406
RS;43;05801;Constantina;9752;9752;10385
RS;43;05835;Coqueiro Baixo;1528;1528;1290
RS;43;05850;Coqueiros do Sul;2457;2457;2211
RS;43;05871;Coronel Barros;2459;2459;2822
RS;43;05900;Coronel Bicaco;7748;7748;6144
RS;43;05934;Coronel Pilar;1725;1725;1607
RS;43;05959;Cotiporã;3917;3917;3846
RS;43;05975;Coxilha;2826;2826;2667
RS;43;06007;Crissiumal;14084;14084;12886
RS;43;06056;Cristal;7280;7280;7299
RS;43;06072;Cristal do Sul;2826;2826;2692
RS;43;06106;Cruz Alta;62821;62821;58913
RS;43;06130;Cruzaltense;2141;2141;1635
RS;43;06205;Cruzeiro do Sul;12320;11549;11600
RS;43;06304;David Canabarro;4683;4683;4321
RS;43;06320;Derrubadas;3190;3190;2751
RS;43;06353;Dezesseis de Novembro;2866;2866;2507
RS;43;06379;Dilermando de Aguiar;3064;3063;2806
RS;43;06403;Dois Irmãos;27572;27572;30709
RS;43;06429;Dois Irmãos das Missões;2157;2157;2090
RS;43;06452;Dois Lajeados;3278;3278;3097
RS;43;06502;Dom Feliciano;14380;14380;13051
RS;43;06551;Dom Pedro de Alcântara;2550;2550;2562
RS;43;06601;Dom Pedrito;38898;38898;36981
RS;43;06700;Dona Francisca;3401;3401;3079
RS;43;06734;Doutor Maurício Cardoso;5313;5313;4470
RS;43;06759;Doutor Ricardo;2030;2022;1888
RS;43;06767;Eldorado do Sul;34343;34343;39559
RS;43;06809;Encantado;20510;20513;22962
RS;43;06908;Encruzilhada do Sul;24534;24534;23819
RS;43;06924;Engenho Velho;1527;1527;1296
RS;43;06932;Entre-Ijuís;8938;8938;9158
RS;43;06957;Entre Rios do Sul;3080;3080;2685
RS;43;06973;Erebango;2970;2965;3054
RS;43;07005;Erechim;96087;96085;105705
RS;43;07054;Ernestina;3088;3088;3034
RS;43;07104;Herval;6753;6753;6191
RS;43;07203;Erval Grande;5163;5163;4930
RS;43;07302;Erval Seco;7878;7863;6787
RS;43;07401;Esmeralda;3168;3168;3195
RS;43;07450;Esperança do Sul;3272;3272;3226
RS;43;07500;Espumoso;15240;15240;15173
RS;43;07559;Estação;6011;6011;5582
RS;43;07609;Estância Velha;42574;42574;47924
RS;43;07708;Esteio;80755;80755;76137
RS;43;07807;Estrela;30619;30619;32183
RS;43;07815;Estrela Velha;3628;3628;3070
RS;43;07831;Eugênio de Castro;2798;2778;2633
RS;43;07864;Fagundes Varela;2579;2579;2566
RS;43;07906;Farroupilha;63635;63675;70286
RS;43;08003;Faxinal do Soturno;6672;6672;6702
RS;43;08052;Faxinalzinho;2567;2567;2520
RS;43;08078;Fazenda Vilanova;3697;3697;4291
RS;43;08102;Feliz;12359;12359;13764
RS;43;08201;Flores da Cunha;27126;27139;30892
RS;43;08250;Floriano Peixoto;2018;2018;1668
RS;43;08300;Fontoura Xavier;10719;10719;9550
RS;43;08409;Formigueiro;7014;7014;6413
RS;43;08433;Forquetinha;2479;2479;2393
RS;43;08458;Fortaleza dos Valos;4575;4575;4477
RS;43;08508;Frederico Westphalen;28843;28843;32627
RS;43;08607;Garibaldi;30689;30679;34335
RS;43;08656;Garruchos;3234;3234;2688
RS;43;08706;Gaurama;5862;5862;5665
RS;43;08805;General Câmara;8447;8447;7612
RS;43;08854;Gentil;1677;1677;1744
RS;43;08904;Getúlio Vargas;16154;16154;16602
RS;43;09001;Giruá;17075;17075;16013
RS;43;09050;Glorinha;6891;6891;7658
RS;43;09100;Gramado;32273;32290;40134
RS;43;09126;Gramado dos Loureiros;2269;2269;2014
RS;43;09159;Gramado Xavier;3970;3970;3304
RS;43;09209;Gravataí;255660;255723;265074
RS;43;09258;Guabiju;1598;1598;1417
RS;43;09308;Guaíba;95204;95204;92924
RS;43;09407;Guaporé;22814;22814;25268
RS;43;09506;Guarani das Missões;8115;8115;7415
RS;43;09555;Harmonia;4254;4259;5378
RS;43;09571;Herveiras;2954;2954;2565
RS;43;09605;Horizontina;18348;18348;18851
RS;43;09654;Hulha Negra;6043;6043;5976
RS;43;09704;Humaitá;4919;4919;4681
RS;43;09753;Ibarama;4371;4380;3732
RS;43;09803;Ibiaçá;4710;4710;4527
RS;43;09902;Ibiraiaras;7171;7095;6776
RS;43;09951;Ibirapuitã;4061;4061;3723
RS;43;10009;Ibirubá;19310;19310;21583
RS;43;10108;Igrejinha;31660;31899;32808
RS;43;10207;Ijuí;78915;78915;84780
RS;43;10306;Ilópolis;4102;4175;4157
RS;43;10330;Imbé;17670;17670;26824
RS;43;10363;Imigrante;3023;3000;3080
RS;43;10405;Independência;6618;6618;6427
RS;43;10413;Inhacorá;2267;2272;2014
RS;43;10439;Ipê;6016;6018;5399
RS;43;10462;Ipiranga do Sul;1944;1944;1720
RS;43;10504;Iraí;8078;8078;7482
RS;43;10538;Itaara;5010;5010;5572
RS;43;10553;Itacurubi;3441;3441;2995
RS;43;10579;Itapuca;2344;2344;1937
RS;43;10603;Itaqui;38159;38159;35768
RS;43;10652;Itati;2584;2584;2638
RS;43;10702;Itatiba do Sul;4171;4171;3208
RS;43;10751;Ivorá;2156;2156;1929
RS;43;10801;Ivoti;19874;19874;22983
RS;43;10850;Jaboticaba;4098;4098;3779
RS;43;10876;Jacuizinho;2507;2507;2040
RS;43;10900;Jacutinga;3633;3633;3338
RS;43;11007;Jaguarão;27931;27931;26603
RS;43;11106;Jaguari;11473;11475;10579
RS;43;11122;Jaquirana;4177;4177;3690
RS;43;11130;Jari;3575;3573;3349
RS;43;11155;Jóia;8331;8331;7184
RS;43;11205;Júlio de Castilhos;19579;19579;18226
RS;43;11239;Lagoa Bonita do Sul;2662;2662;2251
RS;43;11254;Lagoão;6185;6233;5341
RS;43;11270;Lagoa dos Três Cantos;1598;1598;1738
RS;43;11304;Lagoa Vermelha;27525;27527;27659
RS;43;11403;Lajeado;71445;72216;93646
RS;43;11429;Lajeado do Bugre;2487;2487;2601
RS;43;11502;Lavras do Sul;7679;7679;7157
RS;43;11601;Liberato Salzano;5780;5780;4781
RS;43;11627;Lindolfo Collor;5227;5227;6248
RS;43;11643;Linha Nova;1624;1624;1683
RS;43;11700;Machadinho;5510;5510;5735
RS;43;11718;Maçambará;4738;4738;4425
RS;43;11734;Mampituba;3003;3003;3131
RS;43;11759;Manoel Viana;7072;7072;6801
RS;43;11775;Maquiné;6905;6989;7418
RS;43;11791;Maratá;2527;2527;2470
RS;43;11809;Marau;36364;36364;45124
RS;43;11908;Marcelino Ramos;5134;5134;4320
RS;43;11981;Mariana Pimentel;3768;3768;3916
RS;43;12005;Mariano Moro;2210;2210;1858
RS;43;12054;Marques de Souza;4068;4068;3969
RS;43;12104;Mata;5111;5125;4698
RS;43;12138;Mato Castelhano;2470;2470;2553
RS;43;12153;Mato Leitão;3865;3858;4859
RS;43;12179;Mato Queimado;1799;1802;1795
RS;43;12203;Maximiliano de Almeida;4911;4911;4191
RS;43;12252;Minas do Leão;7631;7631;7505
RS;43;12302;Miraguaí;4855;4957;4427
RS;43;12351;Montauri;1542;1542;1499
RS;43;12377;Monte Alegre dos Campos;3102;3102;3180
RS;43;12385;Monte Belo do Sul;2670;2668;2557
RS;43;12401;Montenegro;59415;59415;64322
RS;43;12427;Mormaço;2749;2749;2756
RS;43;12443;Morrinhos do Sul;3182;3182;3071
RS;43;12450;Morro Redondo;6227;6227;6046
RS;43;12476;Morro Reuter;5676;5722;6029
RS;43;12500;Mostardas;12124;12124;12090
RS;43;12609;Muçum;4791;4791;4601
RS;43;12617;Muitos Capões;2988;2988;2879
RS;43;12625;Muliterno;1813;1813;1721
RS;43;12658;Não-Me-Toque;15936;15936;17898
RS;43;12674;Nicolau Vergueiro;1721;1721;1932
RS;43;12708;Nonoai;12074;12074;13719
RS;43;12757;Nova Alvorada;3182;3182;3163
RS;43;12807;Nova Araçá;4001;4001;4954
RS;43;12906;Nova Bassano;8840;8840;9649
RS;43;12955;Nova Boa Vista;1960;1960;2042
RS;43;13003;Nova Bréscia;3184;3184;3044
RS;43;13011;Nova Candelária;2751;2751;3061
RS;43;13037;Nova Esperança do Sul;4671;4671;4865
RS;43;13060;Nova Hartz;18346;18324;20088
RS;43;13086;Nova Pádua;2450;2450;2343
RS;43;13102;Nova Palma;6342;6342;5586
RS;43;13201;Nova Petrópolis;19045;19040;23300
RS;43;13300;Nova Prata;22830;22830;25692
RS;43;13334;Nova Ramada;2437;2437;2163
RS;43;13359;Nova Roma do Sul;3343;3343;3466
RS;43;13375;Nova Santa Rita;22716;22716;29024
RS;43;13391;Novo Cabrais;3855;3855;3568
RS;43;13409;Novo Hamburgo;238940;238940;227646
RS;43;13425;Novo Machado;3925;3925;3198
RS;43;13441;Novo Tiradentes;2277;2277;2146
RS;43;13466;Novo Xingu;1757;1757;1646
RS;43;13490;Novo Barreiro;3978;3978;4272
RS;43;13508;Osório;40906;40907;47396
RS;43;13607;Paim Filho;4243;4243;3629
RS;43;13656;Palmares do Sul;10969;10969;12844
RS;43;13706;Palmeira das Missões;34328;34328;33216
RS;43;13805;Palmitinho;6920;6920;7839
RS;43;13904;Panambi;38058;38044;43515
RS;43;13953;Pantano Grande;9895;9895;10212
RS;43;14001;Paraí;6812;6812;7194
RS;43;14027;Paraíso do Sul;7336;7336;6519
RS;43;14035;Pareci Novo;3511;3530;4319
RS;43;14050;Parobé;51502;51275;52058
RS;43;14068;Passa Sete;5154;5143;3983
RS;43;14076;Passo do Sobrado;6011;6011;6025
RS;43;14100;Passo Fundo;184826;184826;206215
RS;43;14134;Paulo Bento;2196;2191;2144
RS;43;14159;Paverama;8044;8044;7978
RS;43;14175;Pedras Altas;2212;2212;2061
RS;43;14209;Pedro Osório;7811;7811;7484
RS;43;14308;Pejuçara;3973;3973;3745
RS;43;14407;Pelotas;328275;328275;325685
RS;43;14423;Picada Café;5182;5138;5351
RS;43;14456;Pinhal;2513;2513;2959
RS;43;14464;Pinhal da Serra;2130;2130;2248
RS;43;14472;Pinhal Grande;4471;4471;3805
RS;43;14498;Pinheirinho do Vale;4497;4497;4540
RS;43;14506;Pinheiro Machado;12780;12780;11214
RS;43;14548;Pinto Bandeira;0;2609;2723
RS;43;14555;Pirapó;2757;2757;2260
RS;43;14605;Piratini;19841;19841;17504
RS;43;14704;Planalto;10524;10524;10406
RS;43;14753;Poço das Antas;2017;2017;2171
RS;43;14779;Pontão;3857;3857;3296
RS;43;14787;Ponte Preta;1750;1750;1575
RS;43;14803;Portão;30920;30868;34071
RS;43;14902;Porto Alegre;1409351;1409351;1332845
RS;43;15008;Porto Lucena;5413;5413;4360
RS;43;15057;Porto Mauá;2542;2542;2142
RS;43;15073;Porto Vera Cruz;1852;1852;1560
RS;43;15107;Porto Xavier;10558;10558;9938
RS;43;15131;Pouso Novo;1875;1875;1739
RS;43;15149;Presidente Lucena;2484;2484;3077
RS;43;15156;Progresso;6163;6163;5340
RS;43;15172;Protásio Alves;2000;2000;2025
RS;43;15206;Putinga;4141;4229;3747
RS;43;15305;Quaraí;23021;23021;23500
RS;43;15313;Quatro Irmãos;1775;1790;1552
RS;43;15321;Quevedos;2710;2710;2507
RS;43;15354;Quinze de Novembro;3653;3653;3910
RS;43;15404;Redentora;10222;10135;9738
RS;43;15453;Relvado;2155;2037;1796
RS;43;15503;Restinga Sêca;15849;15911;14939
RS;43;15552;Rio dos Índios;3616;3616;2835
RS;43;15602;Rio Grande;197228;197228;191900
RS;43;15701;Rio Pardo;37591;37591;34654
RS;43;15750;Riozinho;4330;4330;4473
RS;43;15800;Roca Sales;10284;10275;10418
RS;43;15909;Rodeio Bonito;5743;5743;6654
RS;43;15958;Rolador;2546;2546;2291
RS;43;16006;Rolante;19485;19448;21253
RS;43;16105;Ronda Alta;10221;10221;9777
RS;43;16204;Rondinha;5518;5518;4991
RS;43;16303;Roque Gonzales;7203;7203;6576
RS;43;16402;Rosário do Sul;39707;39700;36630
RS;43;16428;Sagrada Família;2595;2595;2480
RS;43;16436;Saldanha Marinho;2869;2869;2575
RS;43;16451;Salto do Jacuí;11880;11880;10203
RS;43;16477;Salvador das Missões;2669;2669;2877
RS;43;16501;Salvador do Sul;6747;6747;6879
RS;43;16600;Sananduva;15373;15373;16399
RS;43;16709;Santa Bárbara do Sul;8829;8843;8122
RS;43;16733;Santa Cecília do Sul;1655;1655;1674
RS;43;16758;Santa Clara do Sul;5697;5697;6887
RS;43;16808;Santa Cruz do Sul;118374;118374;133230
RS;43;16907;Santa Maria;261031;261032;271735
RS;43;16956;Santa Maria do Herval;6053;6063;6340
RS;43;16972;Santa Margarida do Sul;2352;2352;2596
RS;43;17004;Santana da Boa Vista;8242;8242;7024
RS;43;17103;Sant'Ana do Livramento;82464;82464;84421
RS;43;17202;Santa Rosa;68587;68587;76963
RS;43;17251;Santa Tereza;1720;1732;1505
RS;43;17301;Santa Vitória do Palmar;30990;30990;30983
RS;43;17400;Santiago;49071;49071;48938
RS;43;17509;Santo Ângelo;76275;76275;76917
RS;43;17558;Santo Antônio do Palma;2139;2139;2091
RS;43;17608;Santo Antônio da Patrulha;39685;39722;42947
RS;43;17707;Santo Antônio das Missões;11210;11210;10300
RS;43;17756;Santo Antônio do Planalto;1987;1987;2089
RS;43;17806;Santo Augusto;13968;13968;13902
RS;43;17905;Santo Cristo;14378;14378;15320
RS;43;17954;Santo Expedito do Sul;2461;2461;2349
RS;43;18002;São Borja;61671;61671;59676
RS;43;18051;São Domingos do Sul;2926;2926;2754
RS;43;18101;São Francisco de Assis;19254;19254;17618
RS;43;18200;São Francisco de Paula;20537;20551;21893
RS;43;18309;São Gabriel;60425;60432;58487
RS;43;18408;São Jerônimo;22134;22134;21028
RS;43;18424;São João da Urtiga;4726;4726;4461
RS;43;18432;São João do Polêsine;2635;2588;2649
RS;43;18440;São Jorge;2774;2848;2912
RS;43;18457;São José das Missões;2720;2720;2362
RS;43;18465;São José do Herval;2204;2204;1902
RS;43;18481;São José do Hortêncio;4094;4094;4447
RS;43;18499;São José do Inhacorá;2200;2200;2406
RS;43;18507;São José do Norte;25503;25503;25443
RS;43;18606;São José do Ouro;6904;6904;6834
RS;43;18614;São José do Sul;2082;2058;2380
RS;43;18622;São José dos Ausentes;3290;3290;4172
RS;43;18705;São Leopoldo;214087;214087;217409
RS;43;18804;São Lourenço do Sul;43111;43111;41989
RS;43;18903;São Luiz Gonzaga;34556;34540;34752
RS;43;19000;São Marcos;20103;20103;21084
RS;43;19109;São Martinho;5773;5773;5481
RS;43;19125;São Martinho da Serra;3201;3201;2860
RS;43;19158;São Miguel das Missões;7421;7421;7056
RS;43;19208;São Nicolau;5727;5727;5118
RS;43;19307;São Paulo das Missões;6364;6364;5846
RS;43;19356;São Pedro da Serra;3315;3316;3548
RS;43;19364;São Pedro das Missões;1886;1886;1757
RS;43;19372;São Pedro do Butiá;2873;2873;3070
RS;43;19406;São Pedro do Sul;16368;16368;15577
RS;43;19505;São Sebastião do Caí;21932;23134;24428
RS;43;19604;São Sepé;23798;23798;21219
RS;43;19703;São Valentim;3632;3632;3264
RS;43;19711;São Valentim do Sul;2168;2168;2207
RS;43;19737;São Valério do Sul;2647;2647;2543
RS;43;19752;São Vendelino;1944;1975;2251
RS;43;19802;São Vicente do Sul;8440;8440;8097
RS;43;19901;Sapiranga;74985;72968;75648
RS;43;20008;Sapucaia do Sul;130957;130957;132107
RS;43;20107;Sarandi;21285;21285;22851
RS;43;20206;Seberi;10897;10897;11950
RS;43;20230;Sede Nova;3011;3011;2704
RS;43;20263;Segredo;7158;7050;6009
RS;43;20305;Selbach;4929;4929;5107
RS;43;20321;Senador Salgado Filho;2814;2814;2673
RS;43;20354;Sentinela do Sul;5198;5198;5306
RS;43;20404;Serafina Corrêa;14253;14253;16961
RS;43;20453;Sério;2281;2279;1941
RS;43;20503;Sertão;6294;6294;5541
RS;43;20552;Sertão Santana;5850;5850;5863
RS;43;20578;Sete de Setembro;2124;2124;1830
RS;43;20602;Severiano de Almeida;3842;3842;3406
RS;43;20651;Silveira Martins;2449;2434;2028
RS;43;20677;Sinimbu;10068;10068;8578
RS;43;20701;Sobradinho;14283;14285;14226
RS;43;20800;Soledade;30044;30044;29991
RS;43;20859;Tabaí;4131;4131;4461
RS;43;20909;Tapejara;19250;19250;24557
RS;43;21006;Tapera;10448;10448;10592
RS;43;21105;Tapes;16629;16629;14695
RS;43;21204;Taquara;54643;54590;53242
RS;43;21303;Taquari;26092;26092;25198
RS;43;21329;Taquaruçu do Sul;2966;2966;3119
RS;43;21352;Tavares;5351;5351;5212
RS;43;21402;Tenente Portela;13719;13719;14497
RS;43;21436;Terra de Areia;9878;9793;10334
RS;43;21451;Teutônia;27272;27272;32797
RS;43;21469;Tio Hugo;2724;2724;3267
RS;43;21477;Tiradentes do Sul;6461;6461;5129
RS;43;21493;Toropi;2952;2938;2554
RS;43;21501;Torres;34656;34656;41751
RS;43;21600;Tramandaí;41585;41585;54387
RS;43;21626;Travesseiro;2314;2314;2152
RS;43;21634;Três Arroios;2855;2855;2591
RS;43;21667;Três Cachoeiras;10217;10217;10962
RS;43;21709;Três Coroas;23848;23812;24425
RS;43;21808;Três de Maio;23726;23726;24916
RS;43;21832;Três Forquilhas;2914;2914;2760
RS;43;21857;Três Palmeiras;4381;4381;4716
RS;43;21907;Três Passos;23965;23965;25436
RS;43;21956;Trindade do Sul;5787;5787;7556
RS;43;22004;Triunfo;25793;25793;27498
RS;43;22103;Tucunduva;5898;5898;5542
RS;43;22152;Tunas;4395;4395;3681
RS;43;22186;Tupanci do Sul;1573;1573;1374
RS;43;22202;Tupanciretã;22281;22281;20005
RS;43;22251;Tupandi;3924;3924;5029
RS;43;22301;Tuparendi;8557;8557;8363
RS;43;22327;Turuçu;3522;3522;3419
RS;43;22343;Ubiretama;2296;2296;1994
RS;43;22350;União da Serra;1487;1487;1170
RS;43;22376;Unistalda;2450;2450;1995
RS;43;22400;Uruguaiana;125435;125435;117210
RS;43;22509;Vacaria;61342;61342;64197
RS;43;22525;Vale Verde;3253;3253;3150
RS;43;22533;Vale do Sol;11077;11077;9897
RS;43;22541;Vale Real;5118;5118;6058
RS;43;22558;Vanini;1984;1984;2004
RS;43;22608;Venâncio Aires;65946;65953;68763
RS;43;22707;Vera Cruz;23983;23983;26710
RS;43;22806;Veranópolis;22810;22810;24021
RS;43;22855;Vespasiano Corrêa;1974;1974;1818
RS;43;22905;Viadutos;5311;5311;4769
RS;43;23002;Viamão;239384;239384;224112
RS;43;23101;Vicente Dutra;5285;5285;4665
RS;43;23200;Victor Graeff;3036;3036;2780
RS;43;23309;Vila Flores;3207;3207;3646
RS;43;23358;Vila Lângaro;2152;2152;2079
RS;43;23408;Vila Maria;4221;4221;4413
RS;43;23457;Vila Nova do Sul;4221;4221;3863
RS;43;23507;Vista Alegre;2832;2832;2660
RS;43;23606;Vista Alegre do Prata;1569;1569;1590
RS;43;23705;Vista Gaúcha;2759;2759;2783
RS;43;23754;Vitória das Missões;3485;3485;3260
RS;43;23770;Westfália;2793;2793;3098
RS;43;23804;Xangri-lá;12434;12434;16463
MS;50;00203;Água Clara;14424;12902;16741
MS;50;00252;Alcinópolis;4569;4569;4537
MS;50;00609;Amambai;34730;34730;39325
MS;50;00708;Anastácio;23835;23744;24114
MS;50;00807;Anaurilândia;8493;8493;7653
MS;50;00856;Angélica;9185;9191;10729
MS;50;00906;Antônio João;8208;8208;9303
MS;50;01003;Aparecida do Taboado;22320;22307;27674
MS;50;01102;Aquidauana;45614;45543;46803
MS;50;01243;Aral Moreira;10251;10251;10748
MS;50;01508;Bandeirantes;6609;6977;7940
MS;50;01904;Bataguassu;19839;19839;23031
MS;50;02001;Batayporã;10936;10939;10712
MS;50;02100;Bela Vista;23181;23192;21613
MS;50;02159;Bodoquena;7985;8072;8567
MS;50;02209;Bonito;19587;19605;23659
MS;50;02308;Brasilândia;11826;11826;11579
MS;50;02407;Caarapó;25767;25770;30612
MS;50;02605;Camapuã;13625;13628;13583
MS;50;02704;Campo Grande;786797;786774;898100
MS;50;02803;Caracol;5398;5398;5036
MS;50;02902;Cassilândia;20966;20966;20988
MS;50;02951;Chapadão do Sul;19648;18815;30993
MS;50;03108;Corguinho;4862;4862;4783
MS;50;03157;Coronel Sapucaia;14064;14064;14289
MS;50;03207;Corumbá;103703;103675;96268
MS;50;03256;Costa Rica;19695;17507;26037
MS;50;03306;Coxim;32159;31930;32151
MS;50;03454;Deodápolis;12139;12133;13663
MS;50;03488;Dois Irmãos do Buriti;10363;10423;11100
MS;50;03504;Douradina;5364;5349;5578
MS;50;03702;Dourados;196035;195495;243367
MS;50;03751;Eldorado;11694;11694;11386
MS;50;03801;Fátima do Sul;19035;19009;20609
MS;50;03900;Figueirão;2928;2928;3539
MS;50;04007;Glória de Dourados;9927;9927;10444
MS;50;04106;Guia Lopes da Laguna;10366;10366;9940
MS;50;04304;Iguatemi;14875;14875;13808
MS;50;04403;Inocência;7669;7677;8404
MS;50;04502;Itaporã;20865;21418;24137
MS;50;04601;Itaquiraí;18614;18614;19423
MS;50;04700;Ivinhema;22341;22341;27821
MS;50;04809;Japorã;7731;7731;8148
MS;50;04908;Jaraguari;6341;6341;7139
MS;50;05004;Jardim;24346;24335;23981
MS;50;05103;Jateí;4011;4011;3586
MS;50;05152;Juti;5900;5897;6729
MS;50;05202;Ladário;19617;19615;21522
MS;50;05251;Laguna Carapã;6491;6486;6799
MS;50;05400;Maracaju;37405;37594;45047
MS;50;05608;Miranda;25595;25602;25536
MS;50;05681;Mundo Novo;17043;17043;19193
MS;50;05707;Naviraí;46424;46424;50457
MS;50;05806;Nioaque;14391;14304;13220
MS;50;06002;Nova Alvorada do Sul;16432;16450;21822
MS;50;06200;Nova Andradina;45585;45578;48563
MS;50;06259;Novo Horizonte do Sul;4940;4940;4721
MS;50;06275;Paraíso das Águas;0;4548;5510
MS;50;06309;Paranaíba;40192;40197;40957
MS;50;06358;Paranhos;12350;12350;12921
MS;50;06408;Pedro Gomes;7967;8026;6941
MS;50;06606;Ponta Porã;77872;77877;92017
MS;50;06903;Porto Murtinho;15372;15290;12859
MS;50;07109;Ribas do Rio Pardo;20946;20946;23150
MS;50;07208;Rio Brilhante;30663;30663;37601
MS;50;07307;Rio Negro;5036;5077;4841
MS;50;07406;Rio Verde de Mato Grosso;18890;19066;19818
MS;50;07505;Rochedo;4928;4557;5199
MS;50;07554;Santa Rita do Pardo;7259;7259;7027
MS;50;07695;São Gabriel do Oeste;22203;22162;29579
MS;50;07703;Sete Quedas;10780;10780;10994
MS;50;07802;Selvíria;6287;6287;8142
MS;50;07901;Sidrolândia;42132;42114;47118
MS;50;07935;Sonora;14833;14827;14516
MS;50;07950;Tacuru;10215;10215;10808
MS;50;07976;Taquarussu;3518;3522;3625
MS;50;08008;Terenos;17146;17169;17652
MS;50;08305;Três Lagoas;101791;101786;132152
MS;50;08404;Vicentina;5901;5929;6336
MT;51;00102;Acorizal;5516;5454;5014
MT;51;00201;Água Boa;20856;20856;29219
MT;51;00250;Alta Floresta;49164;49142;58613
MT;51;00300;Alto Araguaia;15644;15649;17193
MT;51;00359;Alto Boa Vista;5247;5212;5715
MT;51;00409;Alto Garças;10350;10345;13052
MT;51;00508;Alto Paraguai;10066;10066;8009
MT;51;00607;Alto Taquari;8072;8072;10904
MT;51;00805;Apiacás;8567;8571;8590
MT;51;01001;Araguaiana;3197;3197;3795
MT;51;01209;Araguainha;1096;1096;1010
MT;51;01258;Araputanga;15342;15290;14786
MT;51;01308;Arenápolis;10316;10316;10576
MT;51;01407;Aripuanã;18656;18656;24626
MT;51;01605;Barão de Melgaço;7591;7961;7253
MT;51;01704;Barra do Bugres;31793;31146;29403
MT;51;01803;Barra do Garças;56560;56315;69210
MT;51;01852;Bom Jesus do Araguaia;5314;5314;7280
MT;51;01902;Brasnorte;15357;15361;17004
MT;51;02504;Cáceres;87942;87907;89681
MT;51;02603;Campinápolis;14305;14291;15347
MT;51;02637;Campo Novo do Parecis;27577;27573;45899
MT;51;02678;Campo Verde;31589;31348;44585
MT;51;02686;Campos de Júlio;5154;5154;8822
MT;51;02694;Canabrava do Norte;4786;4788;4485
MT;51;02702;Canarana;18754;18754;25858
MT;51;02793;Carlinda;10990;11011;10332
MT;51;02850;Castanheira;8231;8219;7506
MT;51;03007;Chapada dos Guimarães;17821;18047;18990
MT;51;03056;Cláudia;11028;11028;9593
MT;51;03106;Cocalinho;5490;5490;6220
MT;51;03205;Colíder;30766;30807;31370
MT;51;03254;Colniza;26381;26381;25766
MT;51;03304;Comodoro;18178;18114;18238
MT;51;03353;Confresa;25124;25124;35075
MT;51;03361;Conquista D'Oeste;3385;3385;3760
MT;51;03379;Cotriguaçu;14983;14983;11011
MT;51;03403;Cuiabá;551098;553202;650877
MT;51;03437;Curvelândia;4866;4862;4903
MT;51;03452;Denise;8523;8513;7014
MT;51;03502;Diamantino;20341;20343;21941
MT;51;03601;Dom Aquino;8171;8129;7872
MT;51;03700;Feliz Natal;10933;10942;10521
MT;51;03809;Figueirópolis D'Oeste;3796;3787;3187
MT;51;03858;Gaúcha do Norte;6293;6292;8642
MT;51;03908;General Carneiro;5027;5272;6037
MT;51;03957;Glória D'Oeste;3135;3121;2905
MT;51;04104;Guarantã do Norte;32216;32216;31024
MT;51;04203;Guiratinga;13934;13970;10966
MT;51;04500;Indiavaí;2397;2449;2213
MT;51;04526;Ipiranga do Norte;5123;5113;7815
MT;51;04542;Itanhangá;5276;5276;7539
MT;51;04559;Itaúba;4575;4575;5020
MT;51;04609;Itiquira;11478;11478;12236
MT;51;04807;Jaciara;25647;25882;28569
MT;51;04906;Jangada;7696;7771;7426
MT;51;05002;Jauru;10455;10448;8367
MT;51;05101;Juara;32791;32781;34906
MT;51;05150;Juína;39255;39267;45869
MT;51;05176;Juruena;11201;11190;10213
MT;51;05200;Juscimeira;11430;11439;11480
MT;51;05234;Lambari D'Oeste;5431;5441;4790
MT;51;05259;Lucas do Rio Verde;45556;45571;83798
MT;51;05309;Luciara;2224;2227;2509
MT;51;05507;Vila Bela da Santíssima Trindade;14493;14493;16774
MT;51;05580;Marcelândia;12006;12006;11396
MT;51;05606;Matupá;14174;14174;20091
MT;51;05622;Mirassol d'Oeste;25299;25352;26785
MT;51;05903;Nobres;15002;15002;15492
MT;51;06000;Nortelândia;6436;6436;5956
MT;51;06109;Nossa Senhora do Livramento;11609;12897;12940
MT;51;06158;Nova Bandeirantes;11643;11662;13635
MT;51;06174;Nova Nazaré;3029;3029;4200
MT;51;06182;Nova Lacerda;5436;5500;6670
MT;51;06190;Nova Santa Helena;3468;3468;4239
MT;51;06208;Nova Brasilândia;4587;4597;3932
MT;51;06216;Nova Canaã do Norte;12127;12084;11707
MT;51;06224;Nova Mutum;31649;31649;55839
MT;51;06232;Nova Olímpia;17515;17515;16352
MT;51;06240;Nova Ubiratã;9218;9175;11530
MT;51;06257;Nova Xavantina;19643;19657;24345
MT;51;06265;Novo Mundo;7332;7332;6520
MT;51;06273;Novo Horizonte do Norte;3749;3780;3349
MT;51;06281;Novo São Joaquim;6042;6054;6919
MT;51;06299;Paranaíta;10684;10686;11671
MT;51;06307;Paranatinga;19290;19339;26423
MT;51;06315;Novo Santo Antônio;2005;2005;2015
MT;51;06372;Pedra Preta;15755;15610;18066
MT;51;06422;Peixoto de Azevedo;30812;30963;32714
MT;51;06455;Planalto da Serra;2726;2716;3166
MT;51;06505;Poconé;31779;31848;31217
MT;51;06653;Pontal do Araguaia;5395;5395;6932
MT;51;06703;Ponte Branca;1768;1768;2008
MT;51;06752;Pontes e Lacerda;41408;41408;52018
MT;51;06778;Porto Alegre do Norte;10748;10748;12127
MT;51;06802;Porto dos Gaúchos;5449;5420;5593
MT;51;06828;Porto Esperidião;11031;11031;10204
MT;51;06851;Porto Estrela;3649;3649;3224
MT;51;07008;Poxoréu;17599;17659;23283
MT;51;07040;Primavera do Leste;52066;52051;85146
MT;51;07065;Querência;13033;13033;26769
MT;51;07107;São José dos Quatro Marcos;18998;18998;17849
MT;51;07156;Reserva do Cabaçal;2572;2572;2122
MT;51;07180;Ribeirão Cascalheira;8881;8881;10089
MT;51;07198;Ribeirãozinho;2199;2199;2593
MT;51;07206;Rio Branco;5070;5060;4535
MT;51;07248;Santa Carmem;4085;4085;5374
MT;51;07263;Santo Afonso;2991;2991;2519
MT;51;07297;São José do Povo;3592;3561;2875
MT;51;07305;São José do Rio Claro;17124;17124;14911
MT;51;07354;São José do Xingu;5240;5240;5964
MT;51;07404;São Pedro da Cipa;4158;4151;4191
MT;51;07578;Rondolândia;3604;3604;3505
MT;51;07602;Rondonópolis;195476;195586;244911
MT;51;07701;Rosário Oeste;17679;17527;15453
MT;51;07743;Santa Cruz do Xingu;1900;1900;2661
MT;51;07750;Salto do Céu;3908;3908;3679
MT;51;07768;Santa Rita do Trivelato;2491;2477;3276
MT;51;07776;Santa Terezinha;7397;7397;7596
MT;51;07792;Santo Antônio do Leste;3754;3748;4099
MT;51;07800;Santo Antônio do Leverger;18463;14751;15246
MT;51;07859;São Félix do Araguaia;10625;10655;13621
MT;51;07875;Sapezal;18094;18089;28944
MT;51;07883;Serra Nova Dourada;1365;1365;1800
MT;51;07909;Sinop;113099;113099;196312
MT;51;07925;Sorriso;66521;66354;110635
MT;51;07941;Tabaporã;9932;9942;9818
MT;51;07958;Tangará da Serra;83431;84093;106434
MT;51;08006;Tapurah;10392;10377;14370
MT;51;08055;Terra Nova do Norte;11291;11136;10616
MT;51;08105;Tesouro;3418;3472;3025
MT;51;08204;Torixoréu;4071;4071;4164
MT;51;08303;União do Sul;3760;3760;3838
MT;51;08352;Vale de São Domingos;3052;3068;2904
MT;51;08402;Várzea Grande;252596;252361;300078
MT;51;08501;Vera;10235;10402;12800
MT;51;08600;Vila Rica;21382;21382;19888
MT;51;08808;Nova Guarita;4932;4937;4590
MT;51;08857;Nova Marilândia;2951;2949;3529
MT;51;08907;Nova Maringá;6590;6590;5846
MT;51;08956;Nova Monte Verde;8093;8089;8313
GO;52;00050;Abadia de Goiás;6876;6891;19128
GO;52;00100;Abadiânia;15757;15759;17232
GO;52;00134;Acreúna;20279;20268;21568
GO;52;00159;Adelândia;2477;2477;2297
GO;52;00175;Água Fria de Goiás;5090;5085;4954
GO;52;00209;Água Limpa;2013;2013;1858
GO;52;00258;Águas Lindas de Goiás;159378;159386;225693
GO;52;00308;Alexânia;23814;23814;27008
GO;52;00506;Aloândia;2051;2051;1973
GO;52;00555;Alto Horizonte;4505;4510;6072
GO;52;00605;Alto Paraíso de Goiás;6885;6885;10306
GO;52;00803;Alvorada do Norte;8084;8084;8446
GO;52;00829;Amaralina;3434;3432;3268
GO;52;00852;Americano do Brasil;5508;5513;5259
GO;52;00902;Amorinópolis;3609;3608;3007
GO;52;01108;Anápolis;334613;334623;398869
GO;52;01207;Anhanguera;1020;1020;924
GO;52;01306;Anicuns;20239;20242;18503
GO;52;01405;Aparecida de Goiânia;455657;455735;527796
GO;52;01454;Aparecida do Rio Doce;2427;2427;2907
GO;52;01504;Aporé;3803;3803;4325
GO;52;01603;Araçu;3802;3802;3799
GO;52;01702;Aragarças;18305;18292;18390
GO;52;01801;Aragoiânia;8365;8365;11890
GO;52;02155;Araguapaz;7510;7510;7153
GO;52;02353;Arenópolis;3277;3277;2946
GO;52;02502;Aruanã;7496;7496;8300
GO;52;02601;Aurilândia;3650;3654;3284
GO;52;02809;Avelinópolis;2450;2450;2868
GO;52;03104;Baliza;3714;3715;3351
GO;52;03203;Barro Alto;8716;8716;10371
GO;52;03302;Bela Vista de Goiás;24554;24613;34445
GO;52;03401;Bom Jardim de Goiás;8423;8435;7826
GO;52;03500;Bom Jesus de Goiás;20727;20727;23958
GO;52;03559;Bonfinópolis;7536;7531;10296
GO;52;03575;Bonópolis;3503;3503;3299
GO;52;03609;Brazabrantes;3232;3251;3992
GO;52;03807;Britânia;5509;5509;5695
GO;52;03906;Buriti Alegre;9054;9059;10495
GO;52;03939;Buriti de Goiás;2560;2560;2732
GO;52;03962;Buritinópolis;3321;3319;3145
GO;52;04003;Cabeceiras;7354;7354;7560
GO;52;04102;Cachoeira Alta;10553;10552;11513
GO;52;04201;Cachoeira de Goiás;1417;1422;1405
GO;52;04250;Cachoeira Dourada;8254;8254;7782
GO;52;04300;Caçu;13283;13283;13774
GO;52;04409;Caiapônia;16757;16762;16513
GO;52;04508;Caldas Novas;70473;70487;98622
GO;52;04557;Caldazinha;3325;3331;4507
GO;52;04607;Campestre de Goiás;3387;3382;3755
GO;52;04656;Campinaçu;3656;3660;3708
GO;52;04706;Campinorte;11111;11003;12510
GO;52;04805;Campo Alegre de Goiás;6060;6060;7422
GO;52;04854;Campo Limpo de Goiás;6241;6241;8081
GO;52;04904;Campos Belos;18410;18410;18108
GO;52;04953;Campos Verdes;5020;5020;4005
GO;52;05000;Carmo do Rio Verde;8928;8938;9710
GO;52;05059;Castelândia;3638;3638;2985
GO;52;05109;Catalão;86647;86644;114427
GO;52;05208;Caturaí;4686;4686;5184
GO;52;05307;Cavalcante;9392;9392;9583
GO;52;05406;Ceres;20722;20712;22046
GO;52;05455;Cezarina;7545;7542;8090
GO;52;05471;Chapadão do Céu;7001;7001;12870
GO;52;05497;Cidade Ocidental;55915;55915;91767
GO;52;05513;Cocalzinho de Goiás;17407;17414;25016
GO;52;05521;Colinas do Sul;3523;3523;4030
GO;52;05703;Córrego do Ouro;2632;2632;2454
GO;52;05802;Corumbá de Goiás;10361;10357;10562
GO;52;05901;Corumbaíba;8181;8181;9164
GO;52;06206;Cristalina;46580;46572;62337
GO;52;06305;Cristianópolis;2932;2932;3504
GO;52;06404;Crixás;15760;15760;17065
GO;52;06503;Cromínia;3555;3555;3883
GO;52;06602;Cumari;2964;2964;2927
GO;52;06701;Damianópolis;3292;3292;3770
GO;52;06800;Damolândia;2747;2725;2724
GO;52;06909;Davinópolis;2056;2056;1902
GO;52;07105;Diorama;2479;2481;2062
GO;52;07253;Doverlândia;7892;7892;6956
GO;52;07352;Edealina;3733;3733;4001
GO;52;07402;Edéia;11266;11266;11747
GO;52;07501;Estrela do Norte;3320;3320;3205
GO;52;07535;Faina;6983;6983;7070
GO;52;07600;Fazenda Nova;6322;6322;5877
GO;52;07808;Firminópolis;11580;11582;10419
GO;52;07907;Flores de Goiás;12066;12048;13744
GO;52;08004;Formosa;100085;100085;115901
GO;52;08103;Formoso;4883;4883;4660
GO;52;08152;Gameleira de Goiás;3275;3143;3456
GO;52;08301;Divinópolis de Goiás;4962;4909;4457
GO;52;08400;Goianápolis;10695;11104;13967
GO;52;08509;Goiandira;5265;5265;4973
GO;52;08608;Goianésia;59549;59549;73707
GO;52;08707;Goiânia;1302001;1301912;1437366
GO;52;08806;Goianira;34060;34058;71916
GO;52;08905;Goiás;24727;24727;24071
GO;52;09101;Goiatuba;32492;32493;35664
GO;52;09150;Gouvelândia;4949;4949;4390
GO;52;09200;Guapó;13976;13976;19545
GO;52;09291;Guaraíta;2376;2372;2188
GO;52;09408;Guarani de Goiás;4258;4258;4085
GO;52;09457;Guarinos;2299;2299;2161
GO;52;09606;Heitoraí;3571;3571;3354
GO;52;09705;Hidrolândia;17398;17398;27742
GO;52;09804;Hidrolina;4029;4025;3545
GO;52;09903;Iaciara;12427;12427;10584
GO;52;09937;Inaciolândia;5699;5699;5954
GO;52;09952;Indiara;13687;13690;17061
GO;52;10000;Inhumas;48246;48257;52204
GO;52;10109;Ipameri;24735;24740;25548
GO;52;10158;Ipiranga de Goiás;2844;2843;2919
GO;52;10208;Iporá;31274;31278;35684
GO;52;10307;Israelândia;2887;2887;2560
GO;52;10406;Itaberaí;35371;35374;44734
GO;52;10562;Itaguari;4513;4503;4963
GO;52;10604;Itaguaru;5437;5446;4904
GO;52;10802;Itajá;5062;5062;4380
GO;52;10901;Itapaci;18458;18458;21087
GO;52;11008;Itapirapuã;7835;7835;8007
GO;52;11206;Itapuranga;26125;26127;26113
GO;52;11305;Itarumã;6300;6300;6101
GO;52;11404;Itauçu;8575;8563;7736
GO;52;11503;Itumbiara;92883;92876;107970
GO;52;11602;Ivolândia;2663;2658;2693
GO;52;11701;Jandaia;6164;6164;6272
GO;52;11800;Jaraguá;41870;41883;45223
GO;52;11909;Jataí;88006;88006;105729
GO;52;12006;Jaupaci;3000;3000;2924
GO;52;12055;Jesúpolis;2300;2278;2123
GO;52;12105;Joviânia;7118;7118;7159
GO;52;12204;Jussara;19153;19153;19620
GO;52;12253;Lagoa Santa;1254;1254;1390
GO;52;12303;Leopoldo de Bulhões;7882;7479;8745
GO;52;12501;Luziânia;174531;174530;209129
GO;52;12600;Mairipotaba;2374;2374;2561
GO;52;12709;Mambaí;6871;6867;8124
GO;52;12808;Mara Rosa;10649;10746;10700
GO;52;12907;Marzagão;2072;2072;2758
GO;52;12956;Matrinchã;4414;4414;4042
GO;52;13004;Maurilândia;11521;11521;10304
GO;52;13053;Mimoso de Goiás;2685;2690;2614
GO;52;13087;Minaçu;31154;31150;27075
GO;52;13103;Mineiros;52935;52935;70081
GO;52;13400;Moiporá;1763;1760;1685
GO;52;13509;Monte Alegre de Goiás;7730;7730;6692
GO;52;13707;Montes Claros de Goiás;7987;7985;8756
GO;52;13756;Montividiu;10572;10567;12521
GO;52;13772;Montividiu do Norte;4122;4122;3779
GO;52;13806;Morrinhos;41460;41465;51351
GO;52;13855;Morro Agudo de Goiás;2356;2356;2456
GO;52;13905;Mossâmedes;5007;5003;4654
GO;52;14002;Mozarlândia;13404;13404;14750
GO;52;14051;Mundo Novo;6438;6435;6189
GO;52;14101;Mutunópolis;3849;3849;3564
GO;52;14408;Nazário;7874;7874;8189
GO;52;14507;Nerópolis;24210;24213;31932
GO;52;14606;Niquelândia;42361;42361;34964
GO;52;14705;Nova América;2259;2259;2337
GO;52;14804;Nova Aurora;2062;2064;2101
GO;52;14838;Nova Crixás;11927;11927;12815
GO;52;14861;Nova Glória;8508;8509;8310
GO;52;14879;Nova Iguaçu de Goiás;2826;2826;3010
GO;52;14903;Nova Roma;3471;3471;3076
GO;52;15009;Nova Veneza;8129;8145;9481
GO;52;15207;Novo Brasil;3519;3519;3527
GO;52;15231;Novo Gama;95018;94996;103804
GO;52;15256;Novo Planalto;3956;3956;3716
GO;52;15306;Orizona;14300;14300;16399
GO;52;15405;Ouro Verde de Goiás;4034;4025;4057
GO;52;15504;Ouvidor;5467;5467;7200
GO;52;15603;Padre Bernardo;27671;27661;34967
GO;52;15652;Palestina de Goiás;3371;3371;3132
GO;52;15702;Palmeiras de Goiás;23338;23339;31858
GO;52;15801;Palmelo;2335;2335;2259
GO;52;15900;Palminópolis;3557;3556;3851
GO;52;16007;Panamá;2682;2681;2455
GO;52;16304;Paranaiguara;9100;9100;7607
GO;52;16403;Paraúna;10863;10876;10659
GO;52;16452;Perolândia;2950;2950;2964
GO;52;16809;Petrolina de Goiás;10283;10281;9573
GO;52;16908;Pilar de Goiás;2773;2773;2328
GO;52;17104;Piracanjuba;24026;23834;24883
GO;52;17203;Piranhas;11266;11266;11712
GO;52;17302;Pirenópolis;23006;23008;26690
GO;52;17401;Pires do Rio;28762;28761;32373
GO;52;17609;Planaltina;81649;81559;105031
GO;52;17708;Pontalina;17121;17121;18309
GO;52;18003;Porangatu;42355;42355;44317
GO;52;18052;Porteirão;3347;3347;4070
GO;52;18102;Portelândia;3839;3839;3280
GO;52;18300;Posse;31419;31432;34914
GO;52;18391;Professor Jamil;3239;3375;3649
GO;52;18508;Quirinópolis;43220;43221;48447
GO;52;18607;Rialma;10523;10523;12165
GO;52;18706;Rianápolis;4566;4566;3980
GO;52;18789;Rio Quente;3312;3298;3864
GO;52;18805;Rio Verde;176424;176424;225696
GO;52;18904;Rubiataba;18915;18915;19788
GO;52;19001;Sanclerlândia;7550;7554;7918
GO;52;19100;Santa Bárbara de Goiás;5751;5746;6149
GO;52;19209;Santa Cruz de Goiás;3142;3140;3002
GO;52;19258;Santa Fé de Goiás;4762;4762;4951
GO;52;19308;Santa Helena de Goiás;36469;36467;38492
GO;52;19357;Santa Isabel;3686;3686;3538
GO;52;19407;Santa Rita do Araguaia;6924;6924;5924
GO;52;19456;Santa Rita do Novo Destino;3173;3173;2689
GO;52;19506;Santa Rosa de Goiás;2909;2922;2820
GO;52;19605;Santa Tereza de Goiás;3995;3995;3293
GO;52;19704;Santa Terezinha de Goiás;10302;10306;10645
GO;52;19712;Santo Antônio da Barra;4423;4423;4267
GO;52;19738;Santo Antônio de Goiás;4703;4703;7386
GO;52;19753;Santo Antônio do Descoberto;63248;63233;72127
GO;52;19803;São Domingos;11272;11325;9711
GO;52;19902;São Francisco de Goiás;6120;6114;6378
GO;52;20009;São João d'Aliança;10257;10257;14041
GO;52;20058;São João da Paraúna;1689;1688;1774
GO;52;20108;São Luís de Montes Belos;30034;30033;33852
GO;52;20157;São Luiz do Norte;4617;4617;4837
GO;52;20207;São Miguel do Araguaia;22283;22283;21900
GO;52;20264;São Miguel do Passa Quatro;3757;3757;4464
GO;52;20280;São Patrício;1991;1993;2143
GO;52;20405;São Simão;17088;17088;17020
GO;52;20454;Senador Canedo;84443;84433;155635
GO;52;20504;Serranópolis;7481;7481;8027
GO;52;20603;Silvânia;19089;19210;22245
GO;52;20686;Simolândia;6514;6507;5742
GO;52;20702;Sítio d'Abadia;2825;2843;2927
GO;52;21007;Taquaral de Goiás;3541;3534;4026
GO;52;21080;Teresina de Goiás;3016;3016;2701
GO;52;21197;Terezópolis de Goiás;6561;6561;7944
GO;52;21304;Três Ranchos;2819;2822;2921
GO;52;21403;Trindade;104488;104496;142431
GO;52;21452;Trombas;3452;3452;3120
GO;52;21502;Turvânia;4839;4835;4480
GO;52;21551;Turvelândia;4399;4399;4985
GO;52;21577;Uirapuru;2933;2936;2798
GO;52;21601;Uruaçu;36929;36937;42546
GO;52;21700;Uruana;13826;13826;13729
GO;52;21809;Urutaí;3074;3070;3553
GO;52;21858;Valparaíso de Goiás;132982;131105;198861
GO;52;21908;Varjão;3659;3659;3716
GO;52;22005;Vianópolis;12548;12548;14956
GO;52;22054;Vicentinópolis;7371;7373;8768
GO;52;22203;Vila Boa;4735;4735;4215
GO;52;22302;Vila Propício;5145;5145;5815
DF;53;00108;Brasília;2570160;2572159;2817381
